,cid,melting_point,names,smiles
0,2244,139.0,Acetylsalicylic acid,CC(=O)OC1=CC=CC=C1C(=O)O
1,1051,528.15,Pyridoxal phosphate,CC1=NC=C(C(=C1O)C=O)COP(=O)(O)O
2,6274,560.15,Histidine,C1=C(NC=N1)C[C@@H](C(=O)O)N
3,1060,286.95,Pyruvic acid,CC(=O)C(=O)O
4,6140,556.15,Phenylalanine,C1=CC=C(C=C1)C[C@@H](C(=O)O)N
5,171548,505.15,Biotin,C1[C@H]2[C@@H]([C@@H](S1)CCCCC(=O)O)NC(=O)N2
6,5962,497.65,L-Lysine,C(CCN)C[C@@H](C(=O)O)N
7,6322,517.15,Arginine,C(C[C@@H](C(=O)O)N)CN=C(N)N
8,54670067,464.15,Ascorbic acid,C([C@@H]([C@@H]1C(=C(C(=O)O1)O)O)O)O
9,1103,302.15,Spermine,C(CCNCCCN)CNCCCN
10,5960,543.15,Aspartic acid,C([C@@H](C(=O)O)N)C(=O)O
11,6262,413.15,Ornithine,C(C[C@@H](C(=O)O)N)CN
12,5961,458.65,L-Glutamine,C(CC(=O)N)[C@@H](C(=O)O)N
13,6083,468.15,Adenosine phosphate,C1=NC(=C2C(=N1)N(C=N2)[C@H]3[C@@H]([C@@H]([C@H](O3)COP(=O)(O)O)O)O)N
14,5280934,256.65,alpha-Linolenic acid,CC/C=C\C/C=C\C/C=C\CCCCCCCC(=O)O
15,5951,501.15,Serine,C([C@@H](C(=O)O)N)O
16,6137,556.15,Methionine,CSCC[C@@H](C(=O)O)N
17,6057,616.15,Tyrosine,C1=CC(=CC=C1C[C@@H](C(=O)O)N)O
18,5280453,113.5,Calcitriol,C[C@H](CCCC(C)(C)O)[C@H]1CC[C@@H]\2[C@@]1(CCC/C2=C\C=C/3\C[C@H](C[C@@H](C3=C)O)O)C
19,5281243,469.15,Lutein,CC1=C(C(C[C@@H](C1)O)(C)C)/C=C/C(=C/C=C/C(=C/C=C/C=C(\C)/C=C/C=C(\C)/C=C/[C@H]2C(=C[C@@H](CC2(C)C)O)C)/C)/C
20,67678,533.65,Cystine,C([C@@H](C(=O)O)N)SSC[C@@H](C(=O)O)N
21,1110,461.15,Succinic acid,C(CC(=O)O)C(=O)O
22,493570,553.15,Riboflavin,CC1=CC2=C(C=C1C)N(C3=NC(=O)NC(=O)C3=N2)C[C@@H]([C@@H]([C@@H](CO)O)O)O
23,1738118,478.15,N-Acetylglucosamine,CC(=O)N[C@@H](C=O)[C@H]([C@@H]([C@@H](CO)O)O)O
24,33032,497.15,Glutamic acid,C(CC(=O)O)[C@@H](C(=O)O)N
25,124886,468.15,Glutathione,C(CC(=O)N[C@@H](CS)C(=O)NCC(=O)O)[C@@H](C(=O)O)N
26,750,535.15,Glycine,C(C(=O)O)N
27,1050,438.15,Pyridoxal,CC1=NC=C(C(=C1O)C=O)CO
28,586,528.15,Creatine,CN(CC(=O)O)C(=N)N
29,6106,566.15,Leucine,CC(C)C[C@@H](C(=O)O)N
30,6305,563.65,Tryptophan,C1=CC=C2C(=C1)C(=CN2)C[C@@H](C(=O)O)N
31,5862,513.15,Cysteine,C([C@@H](C(=O)O)N)S
32,1130,521.15,Thiamine,CC1=C(SC=[N+]1CC2=CN=C(N=C2N)C)CCO
33,5280793,116.0,Ergocalciferol,C[C@H](/C=C/[C@H](C)C(C)C)[C@H]1CC[C@@H]\2[C@@]1(CCC/C2=C\C=C/3\C[C@H](CCC3=C)O)C
34,9750,508.65,Citrulline,C(C[C@@H](C(=O)O)N)CNC(=O)N
35,6288,529.15,Threonine,C[C@H]([C@@H](C(=O)O)N)O
36,439153,141.0,NADH,C1C=CN(C=C1C(=O)N)[C@H]2[C@@H]([C@@H]([C@H](O2)COP(=O)(O)OP(=O)(O)OC[C@@H]3[C@H]([C@H]([C@@H](O3)N4C=NC5=C(N=CN=C54)N)O)O)O)O
37,5950,573.15,Alanine,C[C@@H](C(=O)O)N
38,6287,588.15,Valine,CC(C)[C@@H](C(=O)O)N
39,445354,336.65,Vitamin A,CC1=C(C(CCC1)(C)C)/C=C/C(=C/C=C/C(=C/CO)/C)/C
40,14985,276.15,Vitamin E,CC1=C(C2=C(CC[C@@](O2)(C)CCC[C@H](C)CCC[C@H](C)CCCC(C)C)C(=C1O)C)C
41,1054,160.5,Pyridoxine,CC1=NC=C(C(=C1O)CO)CO
42,6112,333.65,Lipoic acid,C1CSS[C@@H]1CCCCC(=O)O
43,6306,558.65,Isoleucine,CC[C@H](C)[C@@H](C(=O)O)N
44,5280795,357.65,Cholecalciferol,C[C@H](CCCC(C)C)[C@H]1CC[C@@H]\2[C@@]1(CCC/C2=C\C=C/3\C[C@H](CCC3=C)O)C
45,4055,380.15,Menadione,CC1=CC(=O)C2=CC=CC=C2C1=O
46,5957,449.15,ATP,C1=NC(=C2C(=N1)N(C=N2)[C@H]3[C@@H]([C@@H]([C@H](O3)COP(=O)(O)OP(=O)(O)OP(=O)(O)O)O)O)N
47,145742,494.15,Proline,C1C[C@H](NC1)C(=O)O
48,190,633.15,Adenine,C1=NC2=NC=NC(=C2N1)N
49,6267,234.5,Asparagine,C([C@@H](C(=O)O)N)C(=O)N
50,54687,444.34999999999997,Pravastatin,CC[C@H](C)C(=O)O[C@H]1C[C@@H](C=C2[C@H]1[C@H]([C@H](C=C2)C)CC[C@H](C[C@H](CC(=O)O)O)O)O
51,3404,120.75,Fluvoxamine,COCCCCC(=NOCCN)C1=CC=C(C=C1)C(F)(F)F
52,60846,116.5,Valsartan,CCCCC(=O)N(CC1=CC=C(C=C1)C2=CC=CC=C2C3=NNN=N3)[C@@H](C(C)C)C(=O)O
53,5362129,382.15,Ramipril,CCOC(=O)[C@H](CCC1=CC=CC=C1)N[C@@H](C)C(=O)N2[C@H]3CCC[C@H]3C[C@H]2C(=O)O
54,71398,458.65,Masoprocol,C[C@H](CC1=CC(=C(C=C1)O)O)[C@@H](C)CC2=CC(=C(C=C2)O)O
55,82153,228.0,Flunisolide,C[C@]12C[C@@H]([C@H]3[C@H]([C@@H]1C[C@@H]4[C@]2(OC(O4)(C)C)C(=O)CO)C[C@@H](C5=CC(=O)C=C[C@]35C)F)O
56,2284,207.0,Baclofen,C1=CC(=CC=C1C(CC(=O)O)CN)Cl
57,3007,175.14999999999998,Amphetamine,CC(CC1=CC=CC=C1)N
58,89594,194.14999999999998,Nicotine,CN1CCC[C@H]1C2=CN=CC=C2
59,3958,193.0,Lorazepam,C1=CC=C(C(=C1)C2=NC(C(=O)NC3=C2C=C(C=C3)Cl)O)Cl
60,34359,205.5,Carbidopa,C[C@](CC1=CC(=C(C=C1)O)O)(C(=O)O)NN
61,4771,478.15,Phentermine,CC(C)(CC1=CC=CC=C1)N
62,52195,94.5,Indecainide,CC(C)NCCCC1(C2=CC=CC=C2C3=CC=CC=C31)C(=O)N
63,33741,179.5,Tramadol,CN(C)C[C@H]1CCCC[C@@]1(C2=CC(=CC=C2)OC)O
64,2369,71.0,Betaxolol,CC(C)NCC(COC1=CC=C(C=C1)CCOCC2CC2)O
65,3365,139.0,Fluconazole,C1=CC(=C(C=C1F)F)C(CN2C=NC=N2)(CN3C=NC=N3)O
66,5591,185.0,Troglitazone,CC1=C(C2=C(CCC(O2)(C)COC3=CC=C(C=C3)CC4C(=O)NC(=O)S4)C(=C1O)C)C
67,2519,236.0,Caffeine,CN1C=NC2=C1C(=O)N(C(=O)N2C)C
68,135398744,189.5,Sildenafil,CCCC1=NN(C2=C1N=C(NC2=O)C3=C(C=CC(=C3)S(=O)(=O)N4CCN(CC4)C)OCC)C
69,4993,506.65,Pyrimethamine,CCC1=C(C(=NC(=N1)N)N)C2=CC=C(C=C2)Cl
70,5770,537.65,Reserpine,CO[C@H]1[C@@H](C[C@@H]2CN3CCC4=C([C@H]3C[C@@H]2[C@@H]1C(=O)OC)NC5=C4C=CC(=C5)OC)OC(=O)C6=CC(=C(C(=C6)OC)OC)OC
71,4195,473.15,Midodrine,COC1=CC(=C(C=C1)OC)C(CNC(=O)CN)O
72,4679,149.5,Pantoprazole,COC1=C(C(=NC=C1)CS(=O)C2=NC3=C(N2)C=C(C=C3)OC(F)F)OC
73,41781,163.5,Torasemide,CC1=CC(=CC=C1)NC2=C(C=NC=C2)S(=O)(=O)NC(=O)NC(C)C
74,2771,185.0,Citalopram,CN(C)CCCC1(C2=C(CO1)C=C(C=C2)C#N)C3=CC=C(C=C3)F
75,2368,469.15,Bethanidine,CNC(=NC)NCC1=CC=CC=C1
76,152946,240.0,Moxifloxacin,COC1=C2C(=CC(=C1N3C[C@@H]4CCCN[C@@H]4C3)F)C(=O)C(=CN2C5CC5)C(=O)O
77,5749,464.65,Oxyphenonium,CC[N+](C)(CC)CCOC(=O)C(C1CCCCC1)(C2=CC=CC=C2)O
78,64143,622.99,Nelfinavir,CC1=C(C=CC=C1O)C(=O)N[C@@H](CSC2=CC=CC=C2)[C@@H](CN3C[C@H]4CCCC[C@H]4C[C@H]3C(=O)NC(C)(C)C)O
79,3476,207.0,Glimepiride,CCC1=C(CN(C1=O)C(=O)NCCC2=CC=C(C=C2)S(=O)(=O)NC(=O)NC3CCC(CC3)C)C
80,5362440,167.75,Indinavir,CC(C)(C)NC(=O)[C@@H]1CN(CCN1C[C@H](C[C@@H](CC2=CC=CC=C2)C(=O)N[C@@H]3[C@@H](CC4=CC=CC=C34)O)O)CC5=CN=CC=C5
81,38521,214.25,Guanadrel,C1CCC2(CC1)OCC(O2)CN=C(N)N
82,53232,447.65,Lovastatin,CC[C@H](C)C(=O)O[C@H]1C[C@H](C=C2[C@H]1[C@H]([C@H](C=C2)C)CC[C@@H]3C[C@H](CC(=O)O3)O)C
83,5486971,449.15,Pregabalin,CC(C)C[C@@H](CC(=O)O)CN
84,5391,120.0,Temazepam,CN1C2=C(C=C(C=C2)Cl)C(=NC(C1=O)O)C3=CC=CC=C3
85,4121,498.15,Methyclothiazide,CN1C(NC2=CC(=C(C=C2S1(=O)=O)S(=O)(=O)N)Cl)CCl
86,4649,423.65,Aminosalicylic acid,C1=CC(=C(C=C1N)O)C(=O)O
87,2479,439.65,Butabarbital,CCC(C)C1(C(=O)NC(=O)NC1=O)CC
88,4463,196.06,Nevirapine,CC1=C2C(=NC=C1)N(C3=C(C=CC=N3)C(=O)N2)C4CC4
89,2481,138.5,Butalbital,CC(C)CC1(C(=O)NC(=O)NC1=O)CC=C
90,20279,488.15,Cladribine,C1[C@@H]([C@H](O[C@H]1N2C=NC3=C(N=C(N=C32)Cl)N)CO)O
91,56959,122.0,Ranolazine,CC1=C(C(=CC=C1)C)NC(=O)CN2CCN(CC2)CC(COC3=CC=CC=C3OC)O
92,4075,556.15,Mesalazine,C1=CC(=C(C=C1N)C(=O)O)O
93,1201549,135.0,Benzatropine,CN1[C@@H]2CC[C@H]1CC(C2)OC(C3=CC=CC=C3)C4=CC=CC=C4
94,6540428,468.15,Methysergide,CCC(CO)NC(=O)[C@H]1CN([C@@H]2CC3=CN(C4=CC=CC(=C34)C2=C1)C)C
95,54746,103.0,Cabergoline,CCNC(=O)N(CCCN(C)C)C(=O)[C@@H]1C[C@H]2[C@@H](CC3=CNC4=CC=CC2=C34)N(C1)CC=C
96,5905,193.0,Idoxuridine,C1[C@@H]([C@H](O[C@H]1N2C=C(C(=O)NC2=O)I)CO)O
97,2955,448.65,Dapsone,C1=CC(=CC=C1N)S(=O)(=O)C2=CC=C(C=C2)N
98,441383,399.45,Terconazole,CC(C)N1CCN(CC1)C2=CC=C(C=C2)OC[C@H]3CO[C@](O3)(CN4C=NC=N4)C5=C(C=C(C=C5)Cl)Cl
99,1775,559.15,Phenytoin,C1=CC=C(C=C1)C2(C(=O)NC(=O)N2)C3=CC=CC=C3
100,247839,429.65,Medrysone,C[C@H]1C[C@H]2[C@@H]3CC[C@@H]([C@]3(C[C@@H]([C@@H]2[C@@]4(C1=CC(=O)CC4)C)O)C)C(=O)C
101,54671203,474.15,Doxycycline,C[C@@H]1[C@H]2[C@@H]([C@H]3[C@@H](C(=O)C(=C([C@]3(C(=O)C2=C(C4=C1C=CC=C4O)O)O)O)C(=O)N)N(C)C)O
102,3054,172.0,Diethylstilbestrol,CCC(=C(CC)C1=CC=C(C=C1)O)C2=CC=C(C=C2)O
103,2812,148.0,Clotrimazole,C1=CC=C(C=C1)C(C2=CC=CC=C2)(C3=CC=CC=C3Cl)N4C=CN=C4
104,5333,438.65,Sulfanilamide,C1=CC(=CC=C1N)S(=O)(=O)N
105,6234,428.65,Cycloserine,C1[C@H](C(=O)NO1)N
106,135409400,553.15,Anagrelide,C1C2=C(C=CC(=C2Cl)Cl)N=C3N1CC(=O)N3
107,2578,304.15,Carmustine,C(CCl)NC(=O)N(CCCl)N=O
108,5344,464.15,Sulfisoxazole,CC1=C(ON=C1C)NS(=O)(=O)C2=CC=C(C=C2)N
109,4171,393.15,Metoprolol,CC(C)NCC(COC1=CC=C(C=C1)CCOC)O
110,54676038,563.15,Dicoumarol,C1=CC=C2C(=C1)C(=C(C(=O)O2)CC3=C(C4=CC=CC=C4OC3=O)O)O
111,5095,246.5,Ropinirole,CCCN(CCC)CCC1=C2CC(=O)NC2=CC=C1
112,11289,113.5,Chlorotrianisene,COC1=CC=C(C=C1)C(=C(C2=CC=C(C=C2)OC)Cl)C3=CC=C(C=C3)OC
113,3784,169.0,Isradipine,CC1=C(C(C(=C(N1)C)C(=O)OC(C)C)C2=CC=CC3=NON=C32)C(=O)OC
114,2140,250.0,Diatrizoate,CC(=O)NC1=C(C(=C(C(=C1I)C(=O)O)I)NC(=O)C)I
115,5284627,250.0,Topiramate,CC1(O[C@@H]2CO[C@@]3([C@H]([C@@H]2O1)OC(O3)(C)C)COS(=O)(=O)N)C
116,158781,450.75,Olmesartan,CCCC1=NC(=C(N1CC2=CC=C(C=C2)C3=CC=CC=C3C4=NNN=N4)C(=O)O)C(C)(C)O
117,2179,508.15,Amsacrine,COC1=C(C=CC(=C1)NS(=O)(=O)C)NC2=C3C=CC=CC3=NC4=CC=CC=C42
118,2153,546.15,Theophylline,CN1C2=C(C(=O)N(C1=O)C)NC=N2
119,5920,503.15,Liothyronine,C1=CC(=C(C=C1OC2=C(C=C(C=C2I)C[C@@H](C(=O)O)N)I)I)O
120,3114,94.75,Disopyramide,CC(C)N(CCC(C1=CC=CC=C1)(C2=CC=CC=N2)C(=O)N)C(C)C
121,3676,341.65,Lidocaine,CCN(CC)CC(=O)NC1=C(C=CC=C1C)C
122,26987,451.15,Clemastine,C[C@@](C1=CC=CC=C1)(C2=CC=C(C=C2)Cl)OCC[C@H]3CCCN3C
123,54841,94.75,Atomoxetine,CC1=CC=CC=C1O[C@H](CCNC)C2=CC=CC=C2
124,2708,338.15,Chlorambucil,C1=CC(=CC=C1CCCC(=O)O)N(CCCl)CCCl
125,667484,142.4,Etomidate,CCOC(=O)C1=CN=CN1[C@H](C)C2=CC=CC=C2
126,135400182,182.0,Raltitrexed,CC1=NC2=C(C=C(C=C2)CN(C)C3=CC=C(S3)C(=O)N[C@@H](CCC(=O)O)C(=O)O)C(=O)N1
127,6917715,198.0,Etonogestrel,CC[C@]12CC(=C)[C@H]3[C@H]([C@@H]1CC[C@]2(C#C)O)CCC4=CC(=O)CC[C@H]34
128,5288826,528.15,Morphine,CN1CC[C@]23[C@@H]4[C@H]1CC5=C2C(=C(C=C5)O)O[C@H]3[C@H](C=C4)O
129,2474,107.5,Bupivacaine,CCCCN1CCCCC1C(=O)NC2=C(C=CC=C2C)C
130,135398748,276.0,Penciclovir,C1=NC2=C(N1CCC(CO)CO)N=C(NC2=O)N
131,40973,109.5,Desogestrel,CC[C@]12CC(=C)[C@H]3[C@H]([C@@H]1CC[C@]2(C#C)O)CCC4=CCCC[C@H]34
132,8275,382.15,Talbutal,CCC(C)C1(C(=O)NC(=O)NC1=O)CC=C
133,2732,512.15,Chlorthalidone,C1=CC=C2C(=C1)C(=O)NC2(C3=CC(=C(C=C3)Cl)S(=O)(=O)N)O
134,3295,189.25,Ethoxzolamide,CCOC1=CC2=C(C=C1)N=C(S2)S(=O)(=O)N
135,4737,402.65,Pentobarbital,CCCC(C)C1(C(=O)NC(=O)NC1=O)CC
136,1983,170.0,Acetaminophen,CC(=O)NC1=CC=C(C=C1)O
137,5284371,155.0,Codeine,CN1CC[C@]23[C@@H]4[C@H]1CC5=C2C(=C(C=C5)OC)O[C@H]3[C@H](C=C4)O
138,2160,196.5,Amitriptyline,CN(C)CCC=C1C2=CC=CC=C2CCC3=CC=CC=C31
139,5790,423.65,Floxuridine,C1[C@@H]([C@H](O[C@H]1N2C=C(C(=O)NC2=O)F)CO)O
140,9878,297.5,Fluorometholone,C[C@H]1C[C@H]2[C@@H]3CC[C@@]([C@]3(C[C@@H]([C@@]2([C@@]4(C1=CC(=O)C=C4)C)F)O)C)(C(=O)C)O
141,3715,151.0,Indomethacin,CC1=C(C2=C(N1C(=O)C3=CC=C(C=C3)Cl)C=CC(=C2)OC)CC(=O)O
142,14052,173.0,Ethambutol,CC[C@@H](CO)NCCN[C@@H](CC)CO
143,4091,224.5,Metformin,CN(C)C(=N)N=C(N)N
144,4095,508.15,Methadone,CCC(=O)C(CC(C)N(C)C)(C1=CC=CC=C1)C2=CC=CC=C2
145,135398745,192.0,Olanzapine,CC1=CC2=C(S1)NC3=CC=CC=C3N=C2N4CCN(CC4)C
146,2249,159.0,Atenolol,CC(C)NCC(COC1=CC=C(C=C1)CC(=O)N)O
147,5447130,511.15,Nitrofural,C1=C(OC(=C1)[N+](=O)[O-])/C=N/NC(=O)N
148,4594,428.15,Omeprazole,CC1=CN=C(C(=C1OC)C)CS(=O)C2=NC3=C(N2)C=C(C=C3)OC
149,1046,465.15,Pyrazinamide,C1=CN=C(C=N1)C(=O)N
150,2678,112.5,Cetirizine,C1CN(CCN1CCOCC(=O)O)C(C2=CC=CC=C2)C3=CC=C(C=C3)Cl
151,5405,420.15,Terfenadine,CC(C)(C)C1=CC=C(C=C1)C(CCCN2CCC(CC2)C(C3=CC=CC=C3)(C4=CC=CC=C4)O)O
152,39186,187.5,Diltiazem,CC(=O)O[C@@H]1[C@@H](SC2=CC=CC=C2N(C1=O)CCN(C)C)C3=CC=C(C=C3)OC
153,2148,199.5,Aminohippuric acid,C1=CC(=CC=C1C(=O)NCC(=O)O)N
154,5576,319.15,Trimethadione,CC1(C(=O)N(C(=O)O1)C)C
155,2789,181.0,Clobazam,CN1C(=O)CC(=O)N(C2=C1C=CC(=C2)Cl)C3=CC=CC=C3
156,4201,521.15,Minoxidil,C1CCN(CC1)C2=NC(=N)N(C(=C2)N)O
157,11683,219.0,Megestrol acetate,CC1=C[C@@H]2[C@H](CC[C@]3([C@H]2CC[C@@]3(C(=O)C)OC(=O)C)C)[C@@]4(C1=CC(=O)CC4)C
158,8226,445.15,Methylergometrine,CC[C@@H](CO)NC(=O)[C@H]1CN([C@@H]2CC3=CNC4=CC=CC(=C34)C2=C1)C
159,2733,191.25,Chlorzoxazone,C1=CC2=C(C=C1Cl)NC(=O)O2
160,2145,224.0,Aminoglutethimide,CCC1(CCC(=O)NC1=O)C2=CC=C(C=C2)N
161,5215,528.65,Sulfadiazine,C1=CN=C(N=C1)NS(=O)(=O)C2=CC=C(C=C2)N
162,135398737,183.5,Clozapine,CN1CCN(CC1)C2=NC3=C(C=CC(=C3)Cl)NC4=CC=CC=C42
163,13109,513.15,Levonorgestrel,CC[C@]12CC[C@H]3[C@H]([C@@H]1CC[C@]2(C#C)O)CCC4=CC(=O)CC[C@H]34
164,439260,490.15,Norepinephrine,C1=CC(=C(C=C1[C@H](CN)O)O)O
165,60613,753.15,Cidofovir,C1=CN(C(=O)N=C1N)C[C@@H](CO)OCP(=O)(O)O
166,4205,115.0,Mirtazapine,CN1CCN2C(C1)C3=CC=CC=C3CC4=C2N=CC=C4
167,4064,378.15,Meprobamate,CCCC(C)(COC(=O)N)COC(=O)N
168,5440,63.0,Thiethylperazine,CCSC1=CC2=C(C=C1)SC3=CC=CC=C3N2CCCN4CCN(CC4)C
169,33624,202.5,Timolol,CC(C)(C)NC[C@@H](COC1=NSN=C1N2CCOCC2)O
170,5572,531.65,Trihexyphenidyl,C1CCC(CC1)C(CCN2CCCCC2)(C3=CC=CC=C3)O
171,9051,168.5,Dydrogesterone,CC(=O)[C@H]1CC[C@@H]2[C@@]1(CC[C@@H]3[C@H]2C=CC4=CC(=O)CC[C@@]34C)C
172,4178,204.0,Mexiletine,CC1=C(C(=CC=C1)C)OCC(C)N
173,71384,194.0,Dexrazoxane,C[C@@H](CN1CC(=O)NC(=O)C1)N2CC(=O)NC(=O)C2
174,2162,200.0,Amlodipine,CCOC(=O)C1=C(NC(=C(C1C2=CC=CC=C2Cl)C(=O)OC)C)COCCN
175,1935,456.65,Tacrine,C1CCC2=NC3=CC=CC=C3C(=C2C1)N
176,5546,589.15,Triamterene,C1=CC=C(C=C1)C2=NC3=C(N=C(N=C3N=C2N)N)N
177,4919,359.15,Procyclidine,C1CCC(CC1)C(CCN2CCCC2)(C3=CC=CC=C3)O
178,6041,142.5,Phenylephrine,CNC[C@@H](C1=CC(=CC=C1)O)O
179,31072,396.65,Carbimazole,CCOC(=O)N1C=CN(C1=S)C
180,5355,451.15,Sulpiride,CCN1CCCC1CNC(=O)C2=C(C=CC(=C2)S(=O)(=O)N)OC
181,3290,167.0,Profenamine,CCN(CC)C(C)CN1C2=CC=CC=C2SC3=CC=CC=C31
182,4497,398.15,Nimodipine,CC1=C(C(C(=C(N1)C)C(=O)OC(C)C)C2=CC(=CC=C2)[N+](=O)[O-])C(=O)OCCOC
183,21700,209.0,Beclomethasone dipropionate,CCC(=O)OCC(=O)[C@]1([C@H](C[C@@H]2[C@@]1(C[C@@H]([C@]3([C@H]2CCC4=CC(=O)C=C[C@@]43C)Cl)O)C)C)OC(=O)CC
184,2576,92.0,Carisoprodol,CCCC(C)(COC(=O)N)COC(=O)NC(C)C
185,5994,130.0,Progesterone,CC(=O)[C@H]1CC[C@@H]2[C@@]1(CC[C@H]3[C@H]2CCC4=CC(=O)CC[C@]34C)C
186,26934,192.0,Phenylpropanolamine,C[C@H]([C@H](C1=CC=CC=C1)O)N
187,441140,493.15,Griseofulvin,C[C@@H]1CC(=O)C=C([C@]12C(=O)C3=C(O2)C(=C(C=C3OC)OC)Cl)OC
188,969472,202.5,Eszopiclone,CN1CCN(CC1)C(=O)O[C@H]2C3=NC=CN=C3C(=O)N2C4=NC=C(C=C4)Cl
189,2118,228.75,Alprazolam,CC1=NN=C2N1C3=C(C=C(C=C3)Cl)C(=NC2)C4=CC=CC=C4
190,16960,114.0,Dexbrompheniramine,CN(C)CC[C@@H](C1=CC=C(C=C1)Br)C2=CC=CC=N2
191,3468,488.15,Gentian violet cation,CN(C)C1=CC=C(C=C1)C(=C2C=CC(=[N+](C)C)C=C2)C3=CC=C(C=C3)N(C)C
192,3964,110.0,Loxapine,CN1CCN(CC1)C2=NC3=CC=CC=C3OC4=C2C=C(C=C4)Cl
193,77999,122.5,Rosiglitazone,CN(CCOC1=CC=C(C=C1)CC2C(=O)NC(=O)S2)C3=CC=CC=N3
194,119570,289.0,Pramipexole,CCCN[C@H]1CCC2=C(C1)SC(=N2)N
195,1989,189.0,Acetohexamide,CC(=O)C1=CC=C(C=C1)S(=O)(=O)NC(=O)NC2CCCCC2
196,6249,481.15,Ampicillin,CC1([C@@H](N2[C@H](S1)[C@@H](C2=O)NC(=O)[C@@H](C3=CC=CC=C3)N)C(=O)O)C
197,5193,373.15,Secobarbital,CCCC(C)C1(C(=O)NC(=O)NC1=O)CC=C
198,51634,170.5,Miglustat,CCCCN1C[C@@H]([C@H]([C@@H]([C@H]1CO)O)O)O
199,5833,407.65,Spironolactone,CC(=O)S[C@@H]1CC2=CC(=O)CC[C@@]2([C@@H]3[C@@H]1[C@@H]4CC[C@]5([C@]4(CC3)C)CCC(=O)O5)C
200,4107,92.0,Methocarbamol,COC1=CC=CC=C1OCC(COC(=O)N)O
201,154417,381.65,Hyoscyamine,CN1[C@@H]2CC[C@H]1CC(C2)OC(=O)[C@H](CO)C3=CC=CC=C3
202,5732,195.0,Zolpidem,CC1=CC=C(C=C1)C2=C(N3C=C(C=CC3=N2)C)CC(=O)N(C)C
203,3324,103.0,Famciclovir,CC(=O)OCC(CCN1C=NC2=CN=C(N=C21)N)COC(=O)C
204,5282443,333.15,Triprolidine,CC1=CC=C(C=C1)/C(=C\CN2CCCC2)/C3=CC=CC=N3
205,29327,388.15,Streptozocin,CN(C(=O)N[C@@H]1[C@H]([C@@H]([C@H](O[C@@H]1O)CO)O)O)N=O
206,727,385.65,Lindane,C1(C(C(C(C(C1Cl)Cl)Cl)Cl)Cl)Cl
207,6256,187.5,Trifluridine,C1[C@@H]([C@H](O[C@H]1N2C=C(C(=O)NC2=O)C(F)(F)F)CO)O
208,4917,501.15,Prochlorperazine,CN1CCN(CC1)CCCN2C3=CC=CC=C3SC4=C2C=C(C=C4)Cl
209,2913,76.1,Cyproheptadine,CN1CCC(=C2C3=CC=CC=C3C=CC4=CC=CC=C42)CC1
210,2315,222.5,Bendroflumethiazide,C1=CC=C(C=C1)CC2NC3=C(C=C(C(=C3)C(F)(F)F)S(=O)(=O)N)S(=O)(=O)N2
211,135401907,300.0,Allopurinol,C1=NNC2=C1C(=O)NC=N2
212,5481173,108.0,Ceftazidime,CC(C)(C(=O)O)O/N=C(/C1=CSC(=N1)N)\C(=O)N[C@H]2[C@@H]3N(C2=O)C(=C(CS3)C[N+]4=CC=CC=C4)C(=O)[O-]
213,5578,201.0,Trimethoprim,COC1=CC(=CC(=C1OC)OC)CC2=CN=C(N=C2N)N
214,60750,441.78999999999996,Gemcitabine,C1=CN(C(=O)N=C1N)[C@H]2C([C@@H]([C@H](O2)CO)O)(F)F
215,9782,505.15,Betamethasone,C[C@H]1C[C@H]2[C@@H]3CCC4=CC(=O)C=C[C@@]4([C@]3([C@H](C[C@@]2([C@]1(C(=O)CO)O)C)O)F)C
216,452548,244.0,Teniposide,COC1=CC(=CC(=C1O)OC)[C@H]2[C@@H]3[C@H](COC3=O)[C@@H](C4=CC5=C(C=C24)OCO5)O[C@H]6[C@@H]([C@H]([C@H]7[C@H](O6)CO[C@H](O7)C8=CC=CS8)O)O
217,41867,617.68,Epirubicin,C[C@H]1[C@@H]([C@H](C[C@@H](O1)O[C@H]2C[C@@](CC3=C2C(=C4C(=C3O)C(=O)C5=C(C4=O)C(=CC=C5)OC)O)(C(=O)CO)O)N)O
218,5959,171.0,Chloramphenicol,C1=CC(=CC=C1[C@H]([C@@H](CO)NC(=O)C(Cl)Cl)O)[N+](=O)[O-]
219,3883,180.0,Lansoprazole,CC1=C(C=CN=C1CS(=O)C2=NC3=CC=CC=C3N2)OCC(F)(F)F
220,3105,146.5,Dipivefrin,CC(C)(C)C(=O)OC1=C(C=C(C=C1)C(CNC)O)OC(=O)C(C)(C)C
221,3168,145.75,Droperidol,C1CN(CC=C1N2C3=CC=CC=C3NC2=O)CCCC(=O)C4=CC=C(C=C4)F
222,5819,508.65,Levothyroxine,C1=C(C=C(C(=C1I)OC2=CC(=C(C(=C2)I)O)I)I)C[C@@H](C(=O)O)N
223,4058,543.15,Meperidine,CCOC(=O)C1(CCN(CC1)C)C2=CC=CC=C2
224,3957,135.0,Loratadine,CCOC(=O)N1CCC(=C2C3=C(CCC4=C2N=CC=C4)C=C(C=C3)Cl)CC1
225,6024,160.25,Cefalotin,CC(=O)OCC1=C(N2[C@@H]([C@@H](C2=O)NC(=O)CC3=CC=CS3)SC1)C(=O)O
226,4893,278.5,Prazosin,COC1=C(C=C2C(=C1)C(=NC(=N2)N3CCN(CC3)C(=O)C4=CC=CO4)N)OC
227,3696,174.5,Imipramine,CN(C)CCCN1C2=CC=CC=C2CCC3=CC=CC=C31
228,5284513,229.0,Acitretin,CC1=CC(=C(C(=C1/C=C/C(=C/C=C/C(=C/C(=O)O)/C)/C)C)C)OC
229,4409,80.0,Nabumetone,CC(=O)CCC1=CC2=C(C=C1)C=C(C=C2)OC
230,4099,423.65,Metharbital,CCC1(C(=O)NC(=O)N(C1=O)C)CC
231,3229,222.0,Enoxacin,CCN1C=C(C(=O)C2=CC(=C(N=C21)N3CCNCC3)F)C(=O)O
232,3034034,330.15,Quinine,COC1=CC2=C(C=CN=C2C=C1)[C@H]([C@@H]3C[C@@H]4CCN3C[C@@H]4C=C)O
233,54677971,484.15,Tenoxicam,CN1C(=C(C2=C(S1(=O)=O)C=CS2)O)C(=O)NC3=CC=CC=N3
234,16078,473.15,Dronabinol,CCCCCC1=CC(=C2[C@@H]3C=C(CC[C@H]3C(OC2=C1)(C)C)C)O
235,5281040,275.9,Montelukast,CC(C)(C1=CC=CC=C1CC[C@H](C2=CC=CC(=C2)/C=C/C3=NC4=C(C=CC(=C4)Cl)C=C3)SCC5(CC5)CC(=O)O)O
236,3386,466.15,Fluoxetine,CNCCC(C1=CC=CC=C1)OC2=CC=C(C=C2)C(F)(F)F
237,10770,177.75,Hexylcaine,CC(CNC1CCCCC1)OC(=O)C2=CC=CC=C2
238,2712,236.25,Chlordiazepoxide,CN=C1CN(C(=C2C=C(C=CC2=N1)Cl)C3=CC=CC=C3)O
239,2726,177.5,Chlorpromazine,CN(C)CCCN1C2=CC=CC=C2SC3=C1C=C(C=C3)Cl
240,37768,214.0,Amikacin,C1[C@@H]([C@H]([C@@H]([C@H]([C@@H]1NC(=O)[C@H](CCN)O)O[C@@H]2[C@@H]([C@H]([C@@H]([C@H](O2)CO)O)N)O)O)O[C@@H]3[C@@H]([C@H]([C@@H]([C@H](O3)CN)O)O)O)N
241,5035,270.0,Raloxifene,C1CCN(CC1)CCOC2=CC=C(C=C2)C(=O)C3=C(SC4=C3C=CC(=C4)O)C5=CC=C(C=C5)O
242,2662,158.0,Celecoxib,CC1=CC=C(C=C1)C2=CC(=NN2C3=CC=C(C=C3)S(=O)(=O)N)C(F)(F)F
243,2435,480.65,Brimonidine,C1CN=C(N1)NC2=C(C3=NC=CN=C3C=C2)Br
244,51081,544.15,Pefloxacin,CCN1C=C(C(=O)C2=CC(=C(C=C21)N3CCN(CC3)C)F)C(=O)O
245,2123,168.0,Altretamine,CN(C)C1=NC(=NC(=N1)N(C)C)N(C)C
246,5253,206.75,Sotalol,CC(C)NCC(C1=CC=C(C=C1)NS(=O)(=O)C)O
247,2477,202.0,Buspirone,C1CCC2(C1)CC(=O)N(C(=O)C2)CCCCN3CCN(CC3)C4=NC=CC=N4
248,441314,387.15,Miglitol,C1[C@@H]([C@H]([C@@H]([C@H](N1CCO)CO)O)O)O
249,35370,114.0,Zidovudine,CC1=CN(C(=O)NC1=O)[C@H]2C[C@@H]([C@H](O2)CO)N=[N+]=[N-]
250,5284603,219.0,Oxycodone,CN1CC[C@]23[C@@H]4C(=O)CC[C@]2([C@H]1CC5=C3C(=C(C=C5)OC)O4)O
251,4760,423.15,Phenindione,C1=CC=C(C=C1)C2C(=O)C3=CC=CC=C3C2=O
252,3397,112.0,Flutamide,CC(C)C(=O)NC1=CC(=C(C=C1)[N+](=O)[O-])C(F)(F)F
253,5509,429.15,Tolmetin,CC1=CC=C(C=C1)C(=O)C2=CC=C(N2C)CC(=O)O
254,2756,415.15,Cimetidine,CC1=C(N=CN1)CSCCNC(=NC)NC#N
255,3559,148.0,Haloperidol,C1CN(CCC1(C2=CC=C(C=C2)Cl)O)CCCC(=O)C3=CC=C(C=C3)F
256,5359371,454.15,Levallorphan,C=CCN1CC[C@]23CCCC[C@H]2[C@H]1CC4=C3C=C(C=C4)O
257,20299,454.65,Tridihexethyl,CC[N+](CC)(CC)CCC(C1CCCCC1)(C2=CC=CC=C2)O
258,41684,475.15,Nitazoxanide,CC(=O)OC1=CC=CC=C1C(=O)NC2=NC=C(S2)[N+](=O)[O-]
259,8730,235.5,Dextrothyroxine,C1=C(C=C(C(=C1I)OC2=CC(=C(C(=C2)I)O)I)I)C[C@H](C(=O)O)N
260,564,478.15,Aminocaproic acid,C(CCC(=O)O)CCN
261,5360696,123.0,Dextromethorphan,CN1CC[C@@]23CCCC[C@@H]2[C@@H]1CC4=C3C=C(C=C4)OC
262,2082,209.0,Albendazole,CCCSC1=CC2=C(C=C1)N=C(N2)NC(=O)OC
263,5484727,121.0,Trandolapril,CCOC(=O)[C@H](CCC1=CC=CC=C1)N[C@@H](C)C(=O)N2[C@H]3CCCC[C@@H]3C[C@H]2C(=O)O
264,6957673,241.0,Bentiromide,C1=CC=C(C=C1)C(=O)N[C@@H](CC2=CC=C(C=C2)O)C(=O)NC3=CC=C(C=C3)C(=O)O
265,449171,189.5,Alitretinoin,CC1=C(C(CCC1)(C)C)/C=C/C(=C\C=C\C(=C\C(=O)O)\C)/C
266,4170,529.15,Metolazone,CC1NC2=CC(=C(C=C2C(=O)N1C3=CC=CC=C3C)S(=O)(=O)N)Cl
267,5510,384.15,Tolnaftate,CC1=CC(=CC=C1)N(C)C(=S)OC2=CC3=CC=CC=C3C=C2
268,3415,361.21,Foscarnet,C(=O)(O)P(=O)(O)O
269,2907,48.5,Cyclophosphamide,C1CNP(=O)(OC1)N(CCCl)CCCl
270,4060,408.15,Mephenytoin,CCC1(C(=O)N(C(=O)N1)C)C2=CC=CC=C2
271,6915944,135.0,Cefdinir,C=CC1=C(N2[C@@H]([C@@H](C2=O)NC(=O)/C(=N\O)/C3=CSC(=N3)N)SC1)C(=O)O
272,3520,323.15,Guanidine,C(=N)(N)N
273,2764,256.0,Ciprofloxacin,C1CC1N2C=C(C(=O)C3=CC(=C(C=C32)N4CCNCC4)F)C(=O)O
274,3005573,109.0,Toremifene,CN(C)CCOC1=CC=C(C=C1)/C(=C(/CCCl)\C2=CC=CC=C2)/C3=CC=CC=C3
275,4543,214.0,Nortriptyline,CNCCC=C1C2=CC=CC=C2CCC3=CC=CC=C31
276,5362124,148.5,Benazepril,CCOC(=O)[C@H](CCC1=CC=CC=C1)N[C@H]2CCC3=CC=CC=C3N(C2=O)CC(=O)O
277,2170,175.5,Amoxapine,C1CN(CCN1)C2=NC3=CC=CC=C3OC4=C2C=C(C=C4)Cl
278,3385,282.5,Fluorouracil,C1=C(C(=O)NC(=O)N1)F
279,4991,426.15,Pyridostigmine,C[N+]1=CC=CC(=C1)OC(=O)N(C)C
280,5311067,490.15,Desoximetasone,C[C@@H]1C[C@H]2[C@@H]3CCC4=CC(=O)C=C[C@@]4([C@]3([C@H](C[C@@]2([C@H]1C(=O)CO)C)O)F)C
281,2266,379.65,Azelaic acid,C(CCCC(=O)O)CCCC(=O)O
282,5717,412.15,Zafirlukast,CC1=CC=CC=C1S(=O)(=O)NC(=O)C2=CC(=C(C=C2)CC3=CN(C4=C3C=C(C=C4)NC(=O)OC5CCCC5)C)OC
283,657298,492.15,Propylthiouracil,CCCC1=CC(=O)NC(=S)N1
284,1990,363.65,Acetohydroxamic acid,CC(=O)NO
285,439693,493.15,Pentostatin,C1[C@@H]([C@H](O[C@H]1N2C=NC3=C2NC=NC[C@H]3O)CO)O
286,4114,421.15,Methoxsalen,COC1=C2C(=CC3=C1OC=C3)C=CC(=O)O2
287,54676228,199.0,Piroxicam,CN1C(=C(C2=CC=CC=C2S1(=O)=O)O)C(=O)NC3=CC=CC=N3
288,6432,125.54999999999998,Perflutren,C(C(F)(F)F)(C(F)(F)F)(F)F
289,3658,466.15,Hydroxyzine,C1CN(CCN1CCOCCO)C(C2=CC=CC=C2)C3=CC=C(C=C3)Cl
290,3156,218.0,Doxapram,CCN1CC(C(C1=O)(C2=CC=CC=C2)C3=CC=CC=C3)CCN4CCOCC4
291,2343,210.5,Benzthiazide,C1=CC=C(C=C1)CSCC2=NS(=O)(=O)C3=CC(=C(C=C3N2)Cl)S(=O)(=O)N
292,126941,468.15,Methotrexate,CN(CC1=CN=C2C(=N1)C(=NC(=N2)N)N)C3=CC=C(C=C3)C(=O)N[C@@H](CCC(=O)O)C(=O)O
293,2554,190.5,Carbamazepine,C1=CC=C2C(=C1)C=CC3=CC=CC=C3N2C(=O)N
294,2724354,466.15,Succimer,[C@@H]([C@@H](C(=O)O)S)(C(=O)O)S
295,27447,599.95,Cephalexin,CC1=C(N2[C@@H]([C@@H](C2=O)NC(=O)[C@@H](C3=CC=CC=C3)N)SC1)C(=O)O
296,4946,369.15,Propranolol,CC(C)NCC(COC1=CC=CC2=CC=CC=C21)O
297,174174,391.65,Atropine,CN1[C@@H]2CC[C@H]1CC(C2)OC(=O)C(CO)C3=CC=CC=C3
298,3342,169.5,Fenoprofen,CC(C1=CC(=CC=C1)OC2=CC=CC=C2)C(=O)O
299,2803,130.0,Clonidine,C1CN=C(N1)NC2=C(C=CC=C2Cl)Cl
300,5328,481.15,Sulfamethizole,CC1=NN=C(S1)NS(=O)(=O)C2=CC=C(C=C2)N
301,135398742,171.0,Valaciclovir,CC(C)[C@@H](C(=O)OCCOCN1C=NC2=C1N=C(NC2=O)N)N
302,4020,198.5,Mazindol,C1CN2C(=N1)C3=CC=CC=C3C2(C4=CC=C(C=C4)Cl)O
303,11333,442.15,Lactulose,C([C@@H]1[C@@H]([C@@H]([C@H]([C@@H](O1)O[C@@H]2[C@H](O[C@@]([C@H]2O)(CO)O)CO)O)O)O)O
304,71616,128.5,Voriconazole,C[C@@H](C1=NC=NC=C1F)[C@](CN2C=NC=N2)(C3=C(C=C(C=C3)F)F)O
305,10917,196.5,Levocarnitine,C[N+](C)(C)C[C@@H](CC(=O)[O-])O
306,5388962,143.75,Enalapril,CCOC(=O)[C@H](CCC1=CC=CC=C1)N[C@@H](C)C(=O)N2CCC[C@H]2C(=O)O
307,3033637,131.0,Nizatidine,CN/C(=C\[N+](=O)[O-])/NCCSCC1=CSC(=N1)CN(C)C
308,3033,284.0,Diclofenac,C1=CC=C(C(=C1)CC(=O)O)NC2=C(C=CC=C2Cl)Cl
309,444036,267.0,Fluticasone propionate,CCC(=O)O[C@@]1([C@@H](C[C@@H]2[C@@]1(C[C@@H]([C@]3([C@H]2C[C@@H](C4=CC(=O)C=C[C@@]43C)F)F)O)C)C)C(=O)SCF
310,3157,276.0,Doxazosin,COC1=C(C=C2C(=C1)C(=NC(=N2)N3CCN(CC3)C(=O)C4COC5=CC=CC=C5O4)N)OC
311,6215,267.0,Fluocinolone acetonide,C[C@]12C[C@@H]([C@]3([C@H]([C@@H]1C[C@@H]4[C@]2(OC(O4)(C)C)C(=O)CO)C[C@@H](C5=CC(=O)C=C[C@@]53C)F)F)O
312,4837,379.15,Piperazine,C1CNCCN1
313,3291,337.65,Ethosuximide,CCC1(CC(=O)NC1=O)C
314,16231,241.0,Amiloride,C1(=C(N=C(C(=N1)Cl)N)N)C(=O)N=C(N)N
315,54675779,457.65,Oxytetracycline,C[C@@]1([C@H]2[C@@H]([C@H]3[C@@H](C(=O)C(=C([C@]3(C(=O)C2=C(C4=C1C=CC=C4O)O)O)O)C(=O)N)N(C)C)O)O
316,3869,461.15,Labetalol,CC(CCC1=CC=CC=C1)NCC(C2=CC(=C(C=C2)O)C(=O)N)O
317,7638,395.15,Monobenzone,C1=CC=C(C=C1)COC2=CC=C(C=C2)O
318,6279,207.0,Medroxyprogesterone acetate,C[C@H]1C[C@@H]2[C@H](CC[C@]3([C@H]2CC[C@@]3(C(=O)C)OC(=O)C)C)[C@@]4(C1=CC(=O)CC4)C
319,6917698,383.15,Cisapride,CO[C@H]1CN(CC[C@H]1NC(=O)C2=CC(=C(C=C2OC)N)Cl)CCCOC3=CC=C(C=C3)F
320,1548887,456.15,Sulindac,CC\1=C(C2=C(/C1=C\C3=CC=C(C=C3)S(=O)C)C=CC(=C2)F)CC(=O)O
321,2910,229.5,Cyclothiazide,C1C2CC(C1C=C2)C3NC4=CC(=C(C=C4S(=O)(=O)N3)S(=O)(=O)N)Cl
322,2761171,166.0,Ethionamide,CCC1=NC=CC(=C1)C(=S)N
323,5906,380.65,Metaraminol,C[C@@H]([C@@H](C1=CC(=CC=C1)O)O)N
324,6916249,273.0,Butorphanol,C1CC[C@]2([C@@H]3CC4=C([C@@]2(C1)CCN3CC5CCC5)C=C(C=C4)O)O
325,2405,101.5,Bisoprolol,CC(C)NCC(COC1=CC=C(C=C1)COCCOC(C)C)O
326,2165,207.0,Amodiaquine,CCN(CC)CC1=C(C=CC(=C1)NC2=C3C=CC(=CC3=NC=C2)Cl)O
327,3435,255.0,Furazolidone,C1COC(=O)N1N=CC2=CC=C(O2)[N+](=O)[O-]
328,54680690,221.5,Demeclocycline,CN(C)[C@H]1[C@@H]2C[C@@H]3[C@@H](C4=C(C=CC(=C4C(=C3C(=O)[C@@]2(C(=C(C1=O)C(=O)N)O)O)O)O)Cl)O
329,5291,499.15,Imatinib,CC1=C(C=C(C=C1)NC(=O)C2=CC=C(C=C2)CN3CCN(CC3)C)NC4=NC=CC(=N4)C5=CN=CC=C5
330,31307,270.0,Triamcinolone,C[C@]12C[C@@H]([C@]3([C@H]([C@@H]1C[C@H]([C@@]2(C(=O)CO)O)O)CCC4=CC(=O)C=C[C@@]43C)F)O
331,5878,509.65,Oxandrolone,C[C@]12CC[C@H]3[C@H]([C@@H]1CC[C@]2(C)O)CC[C@@H]4[C@@]3(COC(=O)C4)C
332,4474,137.0,Nicardipine,CC1=C(C(C(=C(N1)C)C(=O)OCCN(C)CC2=CC=CC=C2)C3=CC(=CC=C3)[N+](=O)[O-])C(=O)OC
333,3372,137.0,Fluphenazine,C1CN(CCN1CCCN2C3=CC=CC=C3SC4=C2C=C(C=C4)C(F)(F)F)CCO
334,6013,428.15,Testosterone,C[C@]12CC[C@H]3[C@H]([C@@H]1CC[C@@H]2O)CCC4=CC(=O)CC[C@]34C
335,64139,140.0,Efavirenz,C1CC1C#C[C@]2(C3=C(C=CC(=C3)Cl)NC(=O)O2)C(F)(F)F
336,938,237.5,Niacin,C1=CC(=CN=C1)C(=O)O
337,3517,226.0,Guanabenz,C1=CC(=C(C(=C1)Cl)C=NN=C(N)N)Cl
338,2088,235.0,Alendronic acid,C(CC(O)(P(=O)(O)O)P(=O)(O)O)CN
339,5320,456.15,Sulfacetamide,CC(=O)NS(=O)(=O)C1=CC=C(C=C1)N
340,5865,503.15,Prednisone,C[C@]12CC(=O)[C@H]3[C@H]([C@@H]1CC[C@@]2(C(=O)CO)O)CCC4=CC(=O)C=C[C@]34C
341,2796,118.5,Clofibrate,CCOC(=O)C(C)(C)OC1=CC=C(C=C1)Cl
342,2247,422.25,Astemizole,COC1=CC=C(C=C1)CCN2CCC(CC2)NC3=NC4=CC=CC=C4N3CC5=CC=C(C=C5)F
343,60961,508.65,Adenosine,C1=NC(=C2C(=N1)N(C=N2)[C@H]3[C@@H]([C@@H]([C@H](O3)CO)O)O)N
344,54454,136.5,Simvastatin,CCC(C)(C)C(=O)O[C@H]1C[C@H](C=C2[C@H]1[C@H]([C@H](C=C2)C)CC[C@@H]3C[C@H](CC(=O)O3)O)C
345,4030,561.65,Mebendazole,COC(=O)NC1=NC2=C(N1)C=C(C=C2)C(=O)C3=CC=CC=C3
346,3180,174.5,Dyclonine,CCCCOC1=CC=C(C=C1)C(=O)CCN2CCCCC2
347,10100,348.65,Dextropropoxyphene,CCC(=O)O[C@](CC1=CC=CC=C1)(C2=CC=CC=C2)[C@H](C)CN(C)C
348,4211,350.15,Mitotane,C1=CC=C(C(=C1)C(C2=CC=C(C=C2)Cl)C(Cl)Cl)Cl
349,18283,159.5,Stavudine,CC1=CN(C(=O)NC1=O)[C@H]2C=C[C@H](O2)CO
350,135403648,518.15,Leucovorin,C1C(N(C2=C(N1)N=C(NC2=O)N)C=O)CNC3=CC=C(C=C3)C(=O)N[C@@H](CCC(=O)O)C(=O)O
351,3182,156.0,Dyphylline,CN1C2=C(C(=O)N(C1=O)C)N(C=N2)CC(CO)O
352,441278,419.45,Pentazocine,C[C@H]1[C@H]2CC3=C([C@@]1(CCN2CC=C(C)C)C)C=C(C=C3)O
353,5870,259.5,Estrone,C[C@]12CC[C@H]3[C@H]([C@@H]1CCC2=O)CCC4=C3C=CC(=C4)O
354,5533,232.5,Trazodone,C1CN(CCN1CCCN2C(=O)N3C=CC=CC3=N2)C4=CC(=CC=C4)Cl
355,4032,249.0,Mecamylamine,CC1(C2CCC(C2)C1(C)NC)C
356,15459,395.15,Metaxalone,CC1=CC(=CC(=C1)OCC2CNC(=O)O2)C
357,5577,461.84999999999997,Trimethobenzamide,CN(C)CCOC1=CC=C(C=C1)CNC(=O)C2=CC(=C(C(=C2)OC)OC)OC
358,16490,492.15,Flumethasone,C[C@@H]1C[C@H]2[C@@H]3C[C@@H](C4=CC(=O)C=C[C@@]4([C@]3([C@H](C[C@@]2([C@]1(C(=O)CO)O)C)O)F)C)F
359,9047,449.15,Sulfametopyrazine,COC1=NC=CN=C1NS(=O)(=O)C2=CC=C(C=C2)N
360,5816,211.5,Epinephrine,CNC[C@@H](C1=CC(=C(C=C1)O)O)O
361,5358,169.5,Sumatriptan,CNS(=O)(=O)CC1=CC2=C(C=C1)NC=C2CCN(C)C
362,5362065,221.5,Cefixime,C=CC1=C(N2[C@@H]([C@@H](C2=O)NC(=O)/C(=N\OCC(=O)O)/C3=CSC(=N3)N)SC1)C(=O)O
363,2727,129.5,Chlorpropamide,CCCNC(=O)NS(=O)(=O)C1=CC=C(C=C1)Cl
364,2733526,370.15,Tamoxifen,CC/C(=C(\C1=CC=CC=C1)/C2=CC=C(C=C2)OCCN(C)C)/C3=CC=CC=C3
365,2345,294.15,Benzyl benzoate,C1=CC=C(C=C1)COC(=O)C2=CC=CC=C2
366,3961,181.0,Losartan,CCCCC1=NC(=C(N1CC2=CC=C(C=C2)C3=CC=CC=C3C4=NNN=N4)CO)Cl
367,5452,346.15,Thioridazine,CN1CCCCC1CCN2C3=CC=CC=C3SC4=C2C=C(C=C4)SC
368,34633,156.5,Moricizine,CCOC(=O)NC1=CC2=C(C=C1)SC3=CC=CC=C3N2C(=O)CCN4CCOCC4
369,54678486,434.15,Warfarin,CC(=O)CC(C1=CC=CC=C1)C2=C(C3=CC=CC=C3OC2=O)O
370,4192,162.5,Midazolam,CC1=NC=C2N1C3=C(C=C(C=C3)Cl)C(=NC2)C4=CC=CC=C4F
371,5281078,93.5,Mycophenolate mofetil,CC1=C2COC(=O)C2=C(C(=C1OC)C/C=C(\C)/CCC(=O)OCCN3CCOCC3)O
372,19150,510.15,Cephaloglycin,CC(=O)OCC1=C(N2[C@@H]([C@@H](C2=O)NC(=O)[C@@H](C3=CC=CC=C3)N)SC1)C(=O)O
373,3393,205.0,Flurazepam,CCN(CC)CCN1C(=O)CN=C(C2=C1C=CC(=C2)Cl)C3=CC=CC=C3F
374,5775,447.65,Phentolamine,CC1=CC=C(C=C1)N(CC2=NCCN2)C3=CC(=CC=C3)O
375,16850,588.15,Fluorescein,C1=CC=C2C(=C1)C(=O)OC23C4=C(C=C(C=C4)O)OC5=C3C=CC(=C5)O
376,30323,208.5,Daunorubicin,C[C@H]1[C@H]([C@H](C[C@@H](O1)O[C@H]2C[C@@](CC3=C2C(=C4C(=C3O)C(=O)C5=C(C4=O)C(=CC=C5)OC)O)(C(=O)C)O)N)O
377,3440,220.0,Furosemide,C1=COC(=C1)CNC2=CC(=C(C=C2C(=O)O)S(=O)(=O)N)Cl
378,8223,486.65,Ergotamine,C[C@@]1(C(=O)N2[C@H](C(=O)N3CCC[C@H]3[C@@]2(O1)O)CC4=CC=CC=C4)NC(=O)[C@H]5CN([C@@H]6CC7=CNC8=CC=CC(=C78)C6=C5)C
379,5487,280.0,Tizanidine,C1CN=C(N1)NC2=C(C=CC3=NSN=C32)Cl
380,6604200,225.5,Nitrofurantoin,C1C(=O)NC(=O)N1/N=C/C2=CC=C(O2)[N+](=O)[O-]
381,4100,486.65,Methazolamide,CC(=O)N=C1N(N=C(S1)S(=O)(=O)N)C
382,5360515,169.0,Naltrexone,C1CC1CN2CC[C@]34[C@@H]5C(=O)CC[C@]3([C@H]2CC6=C4C(=C(C=C6)O)O5)O
383,5625,227.0,Delavirdine,CC(C)NC1=C(N=CC=C1)N2CCN(CC2)C(=O)C3=CC4=C(N3)C=CC(=C4)NS(=O)(=O)C
384,129211,230.0,Tamsulosin,CCOC1=CC=CC=C1OCCN[C@H](C)CC2=CC(=C(C=C2)OC)S(=O)(=O)N
385,41693,136.3,Sufentanil,CCC(=O)N(C1=CC=CC=C1)C2(CCN(CC2)CCC3=CC=CS3)COC
386,60825,161.0,Lamivudine,C1[C@H](O[C@H](S1)CO)N2C=CC(=NC2=O)N
387,3052,152.5,Diethylcarbamazine,CCN(CC)C(=O)N1CCN(CC1)C
388,3394,110.5,Flurbiprofen,CC(C1=CC(=C(C=C1)C2=CC=CC=C2)F)C(=O)O
389,6196,461.15,Oxacillin,CC1=C(C(=NO1)C2=CC=CC=C2)C(=O)N[C@H]3[C@@H]4N(C3=O)[C@H](C(S4)(C)C)C(=O)O
390,43815,129.0,Paroxetine,C1CNC[C@H]([C@@H]1C2=CC=C(C=C2)F)COC3=CC4=C(C=C3)OCO4
391,50294,572.15,Nedocromil,CCCC1=C2C(=CC3=C1OC(=CC3=O)C(=O)O)C(=O)C=C(N2CC)C(=O)O
392,6230,205.0,Norethisterone,C[C@]12CC[C@H]3[C@H]([C@@H]1CC[C@]2(C#C)O)CCC4=CC(=O)CC[C@H]34
393,19861,153.0,Azatadine,CN1CCC(=C2C3=CC=CC=C3CCC4=C2N=CC=C4)CC1
394,25419,523.15,Clodronic acid,C(P(=O)(O)O)(P(=O)(O)O)(Cl)Cl
395,4914,334.15,Procaine,CCN(CC)CCOC(=O)C1=CC=C(C=C1)N
396,5362119,148.0,Lisinopril,C1C[C@H](N(C1)C(=O)[C@H](CCCCN)N[C@@H](CCC2=CC=CC=C2)C(=O)O)C(=O)O
397,57469,293.0,Imiquimod,CC(C)CN1C=NC2=C1C3=CC=CC=C3N=C2N
398,5584,318.15,Trimipramine,CC(CN1C2=CC=CC=C2CCC3=CC=CC=C31)CN(C)C
399,4510,13.5,Nitroglycerin,C(C(CO[N+](=O)[O-])O[N+](=O)[O-])O[N+](=O)[O-]
400,5430,573.15,Thiabendazole,C1=CC=C2C(=C1)NC(=N2)C3=CSC=N3
401,135398747,220.0,Pralidoxime,C[N+]1=CC=CC=C1/C=N/O
402,5073,170.0,Risperidone,CC1=C(C(=O)N2CCCCC2=N1)CCN3CCC(CC3)C4=NOC5=C4C=CC(=C5)F
403,9568614,428.15,Esomeprazole,CC1=CN=C(C(=C1OC)C)C[S@](=O)C2=NC3=C(N2)C=C(C=C3)OC
404,4034,220.5,Meclizine,CC1=CC(=CC=C1)CN2CCN(CC2)C(C3=CC=CC=C3)C4=CC=C(C=C4)Cl
405,4735,459.15,Pentamidine,C1=CC(=CC=C1C(=N)N)OCCCCCOC2=CC=C(C=C2)C(=N)N
406,443387,463.15,Hetacillin,CC1([C@@H](N2[C@H](S1)[C@@H](C2=O)N3C(=O)[C@H](NC3(C)C)C4=CC=CC=C4)C(=O)O)C
407,5070,392.15,Riluzole,C1=CC2=C(C=C1OC(F)(F)F)SC(=N2)N
408,5754,493.15,Hydrocortisone,C[C@]12CCC(=O)C=C1CC[C@@H]3[C@@H]2[C@H](C[C@]4([C@H]3CC[C@@]4(C(=O)CO)O)C)O
409,6251,441.15,Mannitol,C([C@H]([C@H]([C@@H]([C@@H](CO)O)O)O)O)O
410,60490,144.7,Zileuton,CC(C1=CC2=CC=CC=C2S1)N(C(=O)N)O
411,4236,165.0,Modafinil,C1=CC=C(C=C1)C(C2=CC=CC=C2)S(=O)CC(=O)N
412,3000322,332.15,Scopolamine,CN1[C@@H]2CC(C[C@H]1[C@H]3[C@@H]2O3)OC(=O)[C@H](CO)C4=CC=CC=C4
413,3308,419.65,Etodolac,CCC1=C2C(=CC=C1)C3=C(N2)C(OCC3)(CC)CC(=O)O
414,4906,37.5,Prilocaine,CCCNC(C)C(=O)NC1=CC=CC=C1C
415,3241,206.5,Epinastine,C1C2C3=CC=CC=C3CC4=CC=CC=C4N2C(=N1)N
416,3763,48.25,Isoflurane,C(C(F)(F)F)(OC(F)F)Cl
417,3292,367.15,Ethotoin,CCN1C(=O)C(NC1=O)C2=CC=CC=C2
418,5538,454.15,Tretinoin,CC1=C(C(CCC1)(C)C)C=CC(=CC=CC(=CC(=O)O)C)C
419,3598,162.0,Hexachlorophene,C1=C(C(=C(C(=C1Cl)Cl)CC2=C(C(=CC(=C2Cl)Cl)Cl)O)O)Cl
420,3033818,551.15,Dolasetron,C1[C@@H]2CC(C[C@H]3N2CC(=O)C1C3)OC(=O)C4=CNC5=CC=CC=C54
421,60606,431.15,Clopidogrel,COC(=O)[C@H](C1=CC=CC=C1Cl)N2CCC3=C(C2)C=CS3
422,54675776,445.65,Tetracycline,C[C@@]1([C@H]2C[C@H]3[C@@H](C(=O)C(=C([C@]3(C(=O)C2=C(C4=C1C=CC=C4O)O)O)O)C(=O)N)N(C)C)O
423,60838,222.5,Irinotecan,CCC1=C2CN3C(=CC4=C(C3=O)COC(=O)[C@@]4(CC)O)C2=NC5=C1C=C(C=C5)OC(=O)N6CCC(CC6)N7CCCCC7
424,1349907,144.5,Methimazole,CN1C=CNC1=S
425,441335,219.0,Mometasone,C[C@@H]1C[C@H]2[C@@H]3CCC4=CC(=O)C=C[C@@]4([C@]3([C@H](C[C@@]2([C@]1(C(=O)CCl)O)C)O)Cl)C
426,441350,585.65,Metyrosine,C[C@](CC1=CC=C(C=C1)O)(C(=O)O)N
427,5280980,117.75,Clavulanic acid,C1[C@@H]2N(C1=O)[C@H](/C(=C/CO)/O2)C(=O)O
428,2342,130.75,Benzquinamide,CCN(CC)C(=O)C1CN2CCC3=CC(=C(C=C3C2CC1OC(=O)C)OC)OC
429,84088,162.5,Hydrocortamate,CCN(CC)CC(=O)OCC(=O)[C@]1(CC[C@@H]2[C@@]1(C[C@@H]([C@H]3[C@H]2CCC4=CC(=O)CC[C@]34C)O)C)O
430,149351,115.5,Alprostadil,CCCCC[C@@H](C=C[C@H]1[C@@H](CC(=O)[C@@H]1CCCCCCC(=O)O)O)O
431,2784,240.5,Clidinium,C[N+]12CCC(CC1)C(C2)OC(=O)C(C3=CC=CC=C3)(C4=CC=CC=C4)O
432,4004,275.95,Malathion,CCOC(=O)CC(C(=O)OCC)SP(=S)(OC)OC
433,36462,243.5,Etoposide,C[C@@H]1OC[C@@H]2[C@@H](O1)[C@@H]([C@H]([C@@H](O2)O[C@H]3[C@H]4COC(=O)[C@@H]4[C@@H](C5=CC6=C(C=C35)OCO6)C7=CC(=C(C(=C7)OC)O)OC)O)O
434,3647,272.5,Hydroflumethiazide,C1NC2=C(C=C(C(=C2)C(F)(F)F)S(=O)(=O)N)S(=O)(=O)N1
435,4421,502.65,Nalidixic acid,CCN1C=C(C(=O)C2=C1N=C(C=C2)C)C(=O)O
436,3675,159.0,Phenelzine,C1=CC=C(C=C1)CCNN
437,5757,151.5,Estradiol,C[C@]12CC[C@H]3[C@H]([C@@H]1CC[C@@H]2O)CCC4=C3C=CC(=C4)O
438,4044,230.5,Mefenamic acid,CC1=C(C(=CC=C1)NC2=CC=CC=C2C(=O)O)C
439,135398513,528.15,Acyclovir,C1=NC2=C(N1COCCO)N=C(NC2=O)N
440,156391,152.0,Naproxen,C[C@@H](C1=CC2=C(C=C1)C=C(C=C2)OC)C(=O)O
441,6194,479.15,Uracil mustard,C1=C(C(=O)NC(=O)N1)N(CCCl)CCCl
442,3561,114.5,Haloprogin,C1=C(C(=CC(=C1Cl)Cl)Cl)OCC#CI
443,4909,554.65,Primidone,CCC1(C(=O)NCNC1=O)C2=CC=CC=C2
444,5339,493.15,Sulfasalazine,C1=CC=NC(=C1)NS(=O)(=O)C2=CC=C(C=C2)N=NC3=CC(=C(C=C3)O)C(=O)O
445,5504,447.15,Tolazoline,C1CN=C(N1)CC2=CC=CC=C2
446,31640,438.15,Halazepam,C1C(=O)N(C2=C(C=C(C=C2)Cl)C(=N1)C3=CC=CC=C3)CC(F)(F)F
447,51263,140.8,Alfentanil,CCC(=O)N(C1=CC=CC=C1)C2(CCN(CC2)CCN3C(=O)N(N=N3)CC)COC
448,3042,165.5,Dicyclomine,CCN(CC)CCOC(=O)C1(CCCCC1)C2CCCCC2
449,4199,395.15,Minaprine,CC1=CC(=NN=C1NCCN2CCOCC2)C3=CC=CC=C3
450,4740,378.15,Pentoxifylline,CC(=O)CCCCN1C(=O)C2=C(N=CN2C)N(C1=O)C
451,4935,182.65,Proparacaine,CCCOC1=C(C=C(C=C1)C(=O)OCCN(CC)CC)N
452,3702,161.0,Indapamide,CC1CC2=CC=CC=C2N1NC(=O)C3=CC(=C(C=C3)Cl)S(=O)(=O)N
453,5593,369.65,Tropicamide,CCN(CC1=CC=NC=C1)C(=O)C(CO)C2=CC=CC=C2
454,2381,387.15,Biperiden,C1CCN(CC1)CCC(C2CC3CC2C=C3)(C4=CC=CC=C4)O
455,37542,175.0,Ribavirin,C1=NC(=NN1[C@H]2[C@@H]([C@@H]([C@H](O2)CO)O)O)C(=O)N
456,4781,378.15,Phenylbutazone,CCCCC1C(=O)N(N(C1=O)C2=CC=CC=C2)C3=CC=CC=C3
457,3345,83.5,Fentanyl,CCC(=O)N(C1CCN(CC1)CCC2=CC=CC=C2)C3=CC=CC=C3
458,54677470,527.15,Meloxicam,CC1=CN=C(S1)NC(=O)C2=C(C3=CC=CC=C3S(=O)(=O)N2C)O
459,4086,373.15,Orciprenaline,CC(C)NCC(C1=CC(=CC(=C1)O)O)O
460,287180,563.15,Rosoxacin,CCN1C=C(C(=O)C2=C1C=C(C=C2)C3=CC=NC=C3)C(=O)O
461,4943,291.15,Propofol,CC(C)C1=C(C(=CC=C1)C(C)C)O
462,1986,533.65,Acetazolamide,CC(=O)NC1=NN=C(S1)S(=O)(=O)N
463,110635,301.5,Tadalafil,CN1CC(=O)N2[C@@H](C1=O)CC3=C([C@H]2C4=CC5=C(C=C4)OCO5)NC6=CC=CC=C36
464,2581,197.0,Carprofen,CC(C1=CC2=C(C=C1)C3=C(N2)C=CC(=C3)Cl)C(=O)O
465,3117,344.65,Disulfiram,CCN(CC)C(=S)SSC(=S)N(CC)CC
466,9270,126.5,Ethynodiol diacetate,CC(=O)O[C@H]1CC[C@@H]2[C@H]3CC[C@]4([C@H]([C@@H]3CCC2=C1)CC[C@]4(C#C)OC(=O)C)C
467,1676,288.0,Enprofylline,CCCN1C2=C(C(=O)NC1=O)NC=N2
468,16666,316.15,Levomenthol,C[C@@H]1CC[C@H]([C@@H](C1)O)C(C)C
469,5284447,563.15,Natamycin,C[C@@H]1C/C=C/C=C/C=C/C=C/[C@@H](C[C@H]2[C@@H]([C@H](C[C@](O2)(C[C@H](C[C@@H]3[C@H](O3)/C=C/C(=O)O1)O)O)O)C(=O)O)O[C@H]4[C@H]([C@H]([C@@H]([C@H](O4)C)O)N)O
470,2762,261.5,Cinoxacin,CCN1C2=CC3=C(C=C2C(=O)C(=N1)C(=O)O)OCO3
471,446987,367.15,Fosfomycin,C[C@H]1[C@H](O1)P(=O)(O)O
472,3016,125.5,Diazepam,CN1C(=O)CN=C(C2=C1C=CC(=C2)Cl)C3=CC=CC=C3
473,4762,412.15,Phenmetrazine,CC1C(OCCN1)C2=CC=CC=C2
474,6839,345.15,Phensuximide,CN1C(=O)CC(C1=O)C2=CC=CC=C2
475,51039,600.15,Cefaclor,C1C(=C(N2[C@H](S1)[C@@H](C2=O)NC(=O)[C@@H](C3=CC=CC=C3)N)C(=O)O)Cl
476,55245,193.5,Mifepristone,CC#C[C@@]1(CC[C@@H]2[C@@]1(C[C@@H](C3=C4CCC(=O)C=C4CC[C@@H]23)C5=CC=C(C=C5)N(C)C)C)O
477,3955,222.1,Loperamide,CN(C)C(=O)C(CCN1CCC(CC1)(C2=CC=C(C=C2)Cl)O)(C3=CC=CC=C3)C4=CC=CC=C4
478,44115,134.0,Progabide,C1=CC(=CC=C1C(=NCCCC(=O)N)C2=C(C=CC(=C2)F)O)Cl
479,5503,171.5,Tolazamide,CC1=CC=C(C=C1)S(=O)(=O)NC(=O)NN2CCCCCC2
480,36811,185.0,Dobutamine,CC(CCC1=CC=C(C=C1)O)NCCC2=CC(=C(C=C2)O)O
481,4616,205.5,Oxazepam,C1=CC=C(C=C1)C2=NC(C(=O)NC3=C2C=C(C=C3)Cl)O
482,3152,225.0,Donepezil,COC1=C(C=C2C(=C1)CC(C2=O)CC3CCN(CC3)CC4=CC=CC=C4)OC
483,5311304,503.15,Nalbuphine,C1CC(C1)CN2CC[C@]34[C@@H]5[C@H](CC[C@]3([C@H]2CC6=C4C(=C(C=C6)O)O5)O)O
484,2794,211.0,Clofazimine,CC(C)N=C1C=C2C(=NC3=CC=CC=C3N2C4=CC=C(C=C4)Cl)C=C1NC5=CC=C(C=C5)Cl
485,15209,524.15,Flurandrenolide,C[C@]12CCC(=O)C=C1[C@H](C[C@@H]3[C@@H]2[C@H](C[C@]4([C@H]3C[C@@H]5[C@]4(OC(O5)(C)C)C(=O)CO)C)O)F
486,6058,371.15,Cysteamine,C(CS)N
487,26879,227.25,Levamisole,C1CSC2=N[C@H](CN21)C3=CC=CC=C3
488,8271,449.15,Methylphenobarbital,CCC1(C(=O)NC(=O)N(C1=O)C)C2=CC=CC=C2
489,4748,370.15,Perphenazine,C1CN(CCN1CCCN2C3=CC=CC=C3SC4=C2C=C(C=C4)Cl)CCO
490,135398738,478.15,Dacarbazine,CN(C)/N=N/C1=C(NC=N1)C(=O)N
491,7028,392.15,Pseudoephedrine,C[C@@H]([C@H](C1=CC=CC=C1)O)NC
492,5394,485.15,Temozolomide,CN1C(=O)N2C=NC(=C2N=N1)C(=O)N
493,5359272,198.5,Levorphanol,CN1CC[C@]23CCCC[C@H]2[C@H]1CC4=C3C=C(C=C4)O
494,137,157.0,Aminolevulinic acid,C(CC(=O)O)C(=O)CN
495,1549008,205.0,Terbinafine,CC(C)(C)C#C/C=C/CN(C)CC1=CC=CC2=CC=CC=C21
496,6011,424.15,Drostanolone,C[C@@H]1C[C@]2([C@@H](CC[C@@H]3[C@@H]2CC[C@]4([C@H]3CC[C@@H]4O)C)CC1=O)C
497,5852,471.65,Penicillamine,CC(C)([C@H](C(=O)O)N)S
498,5755,508.15,Prednisolone,C[C@]12C[C@@H]([C@H]3[C@H]([C@@H]1CC[C@@]2(C(=O)CO)O)CCC4=CC(=O)C=C[C@]34C)O
499,3059,210.5,Diflunisal,C1=CC(=C(C=C1C2=C(C=C(C=C2)F)F)C(=O)O)O
500,135400189,465.15,Vardenafil,CCCC1=NC(=C2N1N=C(NC2=O)C3=C(C=CC(=C3)S(=O)(=O)N4CCN(CC4)CC)OCC)C
501,3001055,134.0,Ranitidine,CN/C(=C\[N+](=O)[O-])/NCCSCC1=CC=C(O1)CN(C)C
502,5311017,129.5,Benzphetamine,C[C@@H](CC1=CC=CC=C1)N(C)CC2=CC=CC=C2
503,2119,108.0,Alprenolol,CC(C)NCC(COC1=CC=CC=C1CC=C)O
504,33572,89.0,Ritodrine,C[C@@H]([C@@H](C1=CC=C(C=C1)O)O)NCCC2=CC=C(C=C2)O
505,5284549,284.0,Dorzolamide,CCN[C@H]1C[C@@H](S(=O)(=O)C2=C1C=C(S2)S(=O)(=O)N)C
506,5359,397.45,Suprofen,CC(C1=CC=C(C=C1)C(=O)C2=CC=CS2)C(=O)O
507,5403,120.5,Terbutaline,CC(C)(C)NCC(C1=CC(=CC(=C1)O)O)O
508,3516,78.75,Guaifenesin,COC1=CC=CC=C1OCC(CO)O
509,9552079,259.0,Chlorhexidine,C1=CC(=CC=C1N/C(=N/C(=NCCCCCCN=C(/N=C(/NC2=CC=C(C=C2)Cl)\N)N)N)/N)Cl
510,60877,137.0,Emtricitabine,C1[C@H](O[C@H](S1)CO)N2C=C(C(=NC2=O)N)F
511,2720,342.75,Chlorothiazide,C1=C2C(=CC(=C1Cl)S(=O)(=O)N)S(=O)(=O)N=CN2
512,54892,125.0,Quinapril,CCOC(=O)[C@H](CCC1=CC=CC=C1)N[C@@H](C)C(=O)N2CC3=CC=CC=C3C[C@H]2C(=O)O
513,2800,117.25,Clomifene,CCN(CC)CCOC1=CC=C(C=C1)C(=C(C2=CC=CC=C2)Cl)C3=CC=CC=C3
514,6883,343.15,Isosorbide dinitrate,C1[C@H]([C@@H]2[C@H](O1)[C@H](CO2)O[N+](=O)[O-])O[N+](=O)[O-]
515,5245,257.0,Risedronic acid,C1=CC(=CN=C1)CC(O)(P(=O)(O)O)P(=O)(O)O
516,2471,230.5,Bumetanide,CCCCNC1=C(C(=CC(=C1)C(=O)O)S(=O)(=O)N)OC2=CC=CC=C2
517,4033,381.15,Mechlorethamine,CN(CCCl)CCCl
518,5284566,492.15,Granisetron,CN1[C@@H]2CCC[C@H]1CC(C2)NC(=O)C3=NN(C4=CC=CC=C43)C
519,667476,233.5,Dienestrol,C/C=C(/C(=C/C)/C1=CC=C(C=C1)O)\C2=CC=C(C=C2)O
520,5336,465.15,Sulfapyridine,C1=CC=NC(=C1)NS(=O)(=O)C2=CC=C(C=C2)N
521,4633,489.65,Oxybuprocaine,CCCCOC1=C(C=CC(=C1)C(=O)OCCN(CC)CC)N
522,13769,491.65,Testolactone,C[C@]12CC[C@H]3[C@H]([C@@H]1CCC(=O)O2)CCC4=CC(=O)C=C[C@]34C
523,5556,234.0,Triazolam,CC1=NN=C2N1C3=C(C=C(C=C3)Cl)C(=NC2)C4=CC=CC=C4Cl
524,702,159.04999999999998,Ethanol,CCO
525,135398739,161.5,Didanosine,C1C[C@@H](O[C@@H]1CO)N2C=NC3=C2N=CNC3=O
526,14677,87.5,Methdilazine,CN1CCC(C1)CN2C3=CC=CC=C3SC4=CC=CC=C42
527,3278,119.5,Etacrynic acid,CCC(=C)C(=O)C1=C(C(=C(C=C1)OCC(=O)O)Cl)Cl
528,5311027,65.0,Bimatoprost,CCNC(=O)CCC/C=C\C[C@H]1[C@H](C[C@H]([C@@H]1/C=C/[C@H](CCC2=CC=CC=C2)O)O)O
529,446220,371.15,Cocaine,CN1[C@H]2CC[C@@H]1[C@H]([C@H](C2)OC(=O)C3=CC=CC=C3)C(=O)OC
530,441074,447.15,Quinidine,COC1=CC2=C(C=CN=C2C=C1)[C@@H]([C@H]3C[C@@H]4CCN3C[C@@H]4C=C)O
531,5734,162.0,Zonisamide,C1=CC=C2C(=C1)C(=NO2)CS(=O)(=O)N
532,5479,127.5,Tinidazole,CCS(=O)(=O)CCN1C(=NC=C1[N+](=O)[O-])C
533,65981,130.5,Repaglinide,CCOC1=C(C=CC(=C1)CC(=O)N[C@@H](CC(C)C)C2=CC=CC=C2N3CCCCC3)C(=O)O
534,8944,276.0,Anileridine,CCOC(=O)C1(CCN(CC1)CCC2=CC=C(C=C2)N)C3=CC=CC=C3
535,8249,449.65,Phenformin,C1=CC=C(C=C1)CCN=C(N)N=C(N)N
536,2130,186.0,Amantadine,C1C2CC3CC1CC(C2)(C3)N
537,4173,160.0,Metronidazole,CC1=NC=C(N1CCO)[N+](=O)[O-]
538,5280360,340.15,Dinoprostone,CCCCC[C@@H](/C=C/[C@H]1[C@@H](CC(=O)[C@@H]1C/C=C\CCCC(=O)O)O)O
539,3827,152.5,Ketotifen,CN1CCC(=C2C3=C(C(=O)CC4=CC=CC=C42)SC=C3)CC1
540,2895,217.0,Cyclobenzaprine,CN(C)CCC=C1C2=CC=CC=C2C=CC3=CC=CC=C31
541,4768,312.15,Phenoxybenzamine,CC(COC1=CC=CC=C1)N(CCCl)CC2=CC=CC=C2
542,3312,104.5,Etretinate,CCOC(=O)C=C(C)C=CC=C(C)C=CC1=C(C(=C(C=C1C)OC)C)C
543,3325,436.65,Famotidine,C1=C(N=C(S1)N=C(N)N)CSCCC(=NS(=O)(=O)N)N
544,9444,502.15,Azacitidine,C1=NC(=NC(=O)N1[C@H]2[C@@H]([C@@H]([C@H](O2)CO)O)O)N
545,5282381,262.0,Misoprostol,CCCCC(C)(C/C=C/[C@H]1[C@@H](CC(=O)[C@@H]1CCCCCCC(=O)OC)O)O
546,4011,366.15,Maprotiline,CNCCCC12CCC(C3=CC=CC=C31)C4=CC=CC=C24
547,4636,455.15,Oxymetazoline,CC1=CC(=C(C(=C1CC2=NCCN2)C)O)C(C)(C)C
548,338,431.15,Salicylic acid,C1=CC=C(C(=C1)C(=O)O)O
549,7029,168.0,Diethylpropion,CCN(CC)C(C)C(=O)C1=CC=CC=C1
550,4037,249.0,Meclofenamic acid,CC1=C(C(=C(C=C1)Cl)NC2=CC=CC=C2C(=O)O)Cl
551,3601,426.65,Hexafluronium,C[N+](C)(CCCCCC[N+](C)(C)C1C2=CC=CC=C2C3=CC=CC=C13)C4C5=CC=CC=C5C6=CC=CC=C46
552,2911,112.5,Cycrimine,C1CCN(CC1)CCC(C2CCCC2)(C3=CC=CC=C3)O
553,24066,217.5,Zalcitabine,C1C[C@@H](O[C@@H]1CO)N2C=CC(=NC2=O)N
554,54680692,452.65,Phenprocoumon,CCC(C1=CC=CC=C1)C2=C(C3=CC=CC=C3OC2=O)O
555,3331,424.65,Felbamate,C1=CC=C(C=C1)C(COC(=O)N)COC(=O)N
556,3348,415.65,Fexofenadine,CC(C)(C1=CC=C(C=C1)C(CCCN2CCC(CC2)C(C3=CC=CC=C3)(C4=CC=CC=C4)O)O)C(=O)O
557,3767,444.54999999999995,Isoniazid,C1=CN=CC=C1C(=O)NN
558,4440,519.15,Naratriptan,CNS(=O)(=O)CCC1=CC2=C(C=C1)NC=C2C3CCN(CC3)C
559,5078,179.0,Rizatriptan,CN(C)CCC1=CNC2=C1C=C(C=C2)CN3C=NC=N3
560,5284569,471.15,Hydrocodone,CN1CC[C@]23[C@@H]4[C@H]1CC5=C2C(=C(C=C5)OC)O[C@H]3C(=O)CC4
561,6540478,489.15,Norgestimate,CC[C@]12CC[C@H]3[C@H]([C@@H]1CC[C@]2(C#C)OC(=O)C)CCC4=C/C(=N/O)/CC[C@H]34
562,6741,505.65,Methylprednisolone,C[C@H]1C[C@H]2[C@@H]3CC[C@@]([C@]3(C[C@@H]([C@@H]2[C@@]4(C1=CC(=O)C=C4)C)O)C)(C(=O)CO)O
563,4828,444.15,Pindolol,CC(C)NCC(COC1=CC=CC2=C1C=CN2)O
564,4062,423.65,Mepivacaine,CC1=C(C(=CC=C1)C)NC(=O)C2CCCCN2C
565,5719,158.0,Zaleplon,CCN(C1=CC=CC(=C1)C2=CC=NC3=C(C=NN23)C#N)C(=O)C
566,65999,262.0,Telmisartan,CCCC1=NC2=C(N1CC3=CC=C(C=C3)C4=CC=CC=C4C(=O)O)C=C(C=C2C)C5=NC6=CC=CC=C6N5C
567,38853,573.15,Methyldopa,C[C@](CC1=CC(=C(C=C1)O)O)(C(=O)O)N
568,2267,498.15,Azelastine,CN1CCCC(CC1)N2C(=O)C3=CC=CC=C3C(=N2)CC4=CC=C(C=C4)Cl
569,150311,163.0,Ezetimibe,C1=CC(=CC=C1[C@@H]2[C@H](C(=O)N2C3=CC=C(C=C3)F)CC[C@@H](C4=CC=C(C=C4)F)O)O
570,6049,510.15,Edetic acid,C(CN(CC(=O)O)CC(=O)O)N(CC(=O)O)CC(=O)O
571,3108,436.15,Dipyridamole,C1CCN(CC1)C2=NC(=NC3=C2N=C(N=C3N4CCCCC4)N(CCO)CCO)N(CCO)CCO
572,5991,143.0,Ethinylestradiol,C[C@]12CC[C@H]3[C@H]([C@@H]1CC[C@]2(C#C)O)CCC4=C3C=CC(=C4)O
573,3948,239.75,Lomefloxacin,CCN1C=C(C(=O)C2=CC(=C(C(=C21)F)N3CCNC(C3)C)F)C(=O)O
574,2905,135.0,Cyclopentolate,CN(C)CCOC(=O)C(C1=CC=CC=C1)C2(CCCC2)O
575,5983,378.65,Physostigmine,C[C@@]12CCN([C@@H]1N(C3=C2C=C(C=C3)OC(=O)NC)C)C
576,5282379,189.5,Isotretinoin,CC1=C(C(CCC1)(C)C)/C=C/C(=C/C=C/C(=C\C(=O)O)/C)/C
577,229455,391.15,Nandrolone phenpropionate,C[C@]12CC[C@H]3[C@H]([C@@H]1CC[C@@H]2OC(=O)CCC4=CC=CC=C4)CCC5=CC(=O)CC[C@H]35
578,9933193,193.75,Glycopyrronium,C[N+]1(CC[C@@H](C1)OC(=O)[C@@](C2CCCC2)(C3=CC=CC=C3)O)C
579,6253,187.0,Cytarabine,C1=CN(C(=O)N=C1N)[C@H]2[C@H]([C@@H]([C@H](O2)CO)O)O
580,681,401.15,Dopamine,C1=CC(=C(C=C1CCN)O)O
581,60198,428.28,Exemestane,C[C@]12CC[C@H]3[C@H]([C@@H]1CCC2=O)CC(=C)C4=CC(=O)C=C[C@]34C
582,4614,158.5,Oxaprozin,C1=CC=C(C=C1)C2=C(OC(=N2)CCC(=O)O)C3=CC=CC=C3
583,2265,516.65,Azathioprine,CN1C=NC(=C1SC2=NC=NC3=C2NC=N3)[N+](=O)[O-]
584,31703,230.0,Doxorubicin,C[C@H]1[C@H]([C@H](C[C@@H](O1)O[C@H]2C[C@@](CC3=C2C(=C4C(=C3O)C(=O)C5=C(C4=O)C(=CC=C5)OC)O)(C(=O)CO)O)N)O
585,3639,267.0,Hydrochlorothiazide,C1NC2=CC(=C(C=C2S(=O)(=O)N1)S(=O)(=O)N)Cl
586,19003,182.5,Cyclacillin,CC1([C@@H](N2[C@H](S1)[C@@H](C2=O)NC(=O)C3(CCCCC3)N)C(=O)O)C
587,2083,148.0,Salbutamol,CC(C)(C)NCC(C1=CC(=C(C=C1)O)CO)O
588,2882,514.15,Cromoglicic acid,C1=CC2=C(C(=C1)OCC(COC3=CC=CC4=C3C(=O)C=C(O4)C(=O)O)O)C(=O)C=C(O2)C(=O)O
589,135398740,523.15,Ganciclovir,C1=NC2=C(N1COC(CO)CO)N=C(NC2=O)N
590,3657,134.5,Hydroxyurea,C(=O)(N)NO
591,3902,184.5,Letrozole,C1=CC(=CC=C1C#N)C(C2=CC=C(C=C2)C#N)N3C=NC=N3
592,2478,106.5,Busulfan,CS(=O)(=O)OCCCCOS(=O)(=O)C
593,3825,367.15,Ketoprofen,CC(C1=CC(=CC=C1)C(=O)C2=CC=CC=C2)C(=O)O
594,3202,162.5,Edrophonium,CC[N+](C)(C)C1=CC(=CC=C1)O
595,4174,323.65,Metyrapone,CC(C)(C1=CN=CC=C1)C(=O)C2=CN=CC=C2
596,32798,226.0,Clobetasol propionate,CCC(=O)O[C@@]1([C@H](C[C@@H]2[C@@]1(C[C@@H]([C@]3([C@H]2CCC4=CC(=O)C=C[C@@]43C)F)O)C)C)C(=O)CCl
597,5329,440.15,Sulfamethoxazole,CC1=CC(=NO1)NS(=O)(=O)C2=CC=C(C=C2)N
598,3488,442.15,Glyburide,COC1=C(C=C(C=C1)Cl)C(=O)NCCC2=CC=C(C=C2)S(=O)(=O)NC(=O)NC3CCCCC3
599,3519,214.5,Guanfacine,C1=CC(=C(C(=C1)Cl)CC(=O)N=C(N)N)Cl
600,2370,214.5,Bethanechol,CC(C[N+](C)(C)C)OC(=O)N
601,27661,89.5,Isosorbide mononitrate,C1[C@@H]([C@@H]2[C@H](O1)[C@@H](CO2)O[N+](=O)[O-])O
602,5560,543.15,Trichlormethiazide,C1=C2C(=CC(=C1Cl)S(=O)(=O)N)S(=O)(=O)NC(N2)C(Cl)Cl
603,5284607,253.14999999999998,Phylloquinone,CC1=C(C(=O)C2=CC=CC=C2C1=O)C/C=C(\C)/CCC[C@H](C)CCC[C@H](C)CCCC(C)C
604,3333,418.15,Felodipine,CCOC(=O)C1=C(NC(=C(C1C2=C(C(=CC=C2)Cl)Cl)C(=O)OC)C)C
605,446541,414.15,Mycophenolic acid,CC1=C2COC(=O)C2=C(C(=C1OC)C/C=C(\C)/CCC(=O)O)O
606,3823,146.0,Ketoconazole,CC(=O)N1CCN(CC1)C2=CC=C(C=C2)OCC3COC(O3)(CN4C=CN=C4)C5=C(C=C(C=C5)Cl)Cl
607,4116,238.14999999999998,Methoxyflurane,COC(C(Cl)Cl)(F)F
608,3749,180.5,Irbesartan,CCCCC1=NC2(CCCC2)C(=O)N1CC3=CC=C(C=C3)C4=CC=CC=C4C5=NNN=N5
609,60700,215.5,Topotecan,CC[C@@]1(C2=C(COC1=O)C(=O)N3CC4=CC5=C(C=CC(=C5CN(C)C)O)N=C4C3=C2)O
610,3284,95.0,Ethinamate,C#CC1(CCCCC1)OC(=O)N
611,4911,468.15,Probenecid,CCCN(CCC)S(=O)(=O)C1=CC=C(C=C1)C(=O)O
612,667490,586.15,Mercaptopurine,C1=NC2=C(N1)C(=S)N=CN2
613,28517,366.65,Cerulenin,CC=CCC=CCCC(=O)[C@@H]1[C@@H](O1)C(=O)N
614,4913,167.0,Procainamide,CCN(CC)CCNC(=O)C1=CC=C(C=C1)N
615,26757,141.5,Selegiline,C[C@H](CC1=CC=CC=C1)N(C)CC#C
616,18104,176.0,Carphenazine,CCC(=O)C1=CC2=C(C=C1)SC3=CC=CC=C3N2CCCN4CCN(CC4)CCO
617,3339,80.5,Fenofibrate,CC(C)OC(=O)C(C)(C)OC1=CC=C(C=C1)C(=O)C2=CC=C(C=C2)Cl
618,5426,543.15,Thalidomide,C1CC(=O)NC(=O)C1N2C(=O)C3=CC=CC=C3C2=O
619,460612,455.65,Melphalan,C1=CC(=CC=C1C[C@@H](C(=O)O)N)N(CCCl)CCCl
620,4054,153.0,Memantine,CC12CC3CC(C1)(CC(C3)(C2)N)C
621,5379,183.5,Gatifloxacin,CC1CN(CCN1)C2=C(C=C3C(=C2OC)N(C=C(C3=O)C(=O)O)C4CC4)F
622,9642,582.15,Fluocinonide,CC(=O)OCC(=O)[C@@]12[C@@H](C[C@@H]3[C@@]1(C[C@@H]([C@]4([C@H]3C[C@@H](C5=CC(=O)C=C[C@@]54C)F)F)O)C)OC(O2)(C)C
623,441300,438.15,Abacavir,C1CC1NC2=C3C(=NC(=N2)N)N(C=N3)[C@@H]4C[C@@H](C=C4)CO
624,3672,183.5,Ibuprofen,CC(C)CC1=CC=C(C=C1)C(C)C(=O)O
625,5904,215.5,Benzylpenicillin,CC1([C@@H](N2[C@H](S1)[C@@H](C2=O)NC(=O)CC3=CC=CC=C3)C(=O)O)C
626,4507,158.0,Nitrendipine,CCOC(=O)C1=C(NC(=C(C1C2=CC(=CC=C2)[N+](=O)[O-])C(=O)OC)C)C
627,440473,501.15,Mimosine,C1=CN(C=C(C1=O)O)C[C@@H](C(=O)O)N
628,38945,256.0,Tocainide,CC1=C(C(=CC=C1)C)NC(=O)C(C)N
629,10548,124.25,Echothiophate,CCOP(=O)(OCC)SCC[N+](C)(C)C
630,4891,409.15,Praziquantel,C1CCC(CC1)C(=O)N2CC3C4=CC=CC=C4CCN3C(=O)C2
631,4539,227.5,Norfloxacin,CCN1C=C(C(=O)C2=CC(=C(C=C21)N3CCNCC3)F)C(=O)O
632,33613,467.15,Amoxicillin,CC1([C@@H](N2[C@H](S1)[C@@H](C2=O)NC(=O)[C@@H](C3=CC=C(C=C3)O)N)C(=O)O)C
633,4634,123.0,Oxybutynin,CCN(CC)CC#CCOC(=O)C(C1CCCCC1)(C2=CC=CC=C2)O
634,17676,167.75,Acetophenazine,CC(=O)C1=CC2=C(C=C1)SC3=CC=CC=C3N2CCCN4CCN(CC4)CCO
635,3779,180.0,Isoprenaline,CC(C)NCC(C1=CC(=C(C=C1)O)O)O
636,896,390.15,Melatonin,CC(=O)NCCC1=CNC2=C1C=C(C=C2)OC
637,9870843,128.0,Cefditoren,CC1=C(SC=N1)/C=C\C2=C(N3[C@@H]([C@@H](C3=O)NC(=O)/C(=N\OC)/C4=CSC(=N4)N)SC2)C(=O)O
638,3478,201.5,Glipizide,CC1=CN=C(C=N1)C(=O)NCCC2=CC=C(C=C2)S(=O)(=O)NC(=O)NC3CCCCC3
639,2802,239.0,Clonazepam,C1C(=O)NC2=C(C=C(C=C2)[N+](=O)[O-])C(=N1)C3=CC=CC=C3Cl
640,4927,333.15,Promethazine,CC(CN1C2=CC=CC=C2SC3=CC=CC=C31)N(C)C
641,4066,403.65,Mequitazine,C1CN2CCC1C(C2)CN3C4=CC=CC=C4SC5=CC=CC=C53
642,657237,533.15,Fludarabine,C1=NC2=C(N=C(N=C2N1[C@H]3[C@H]([C@@H]([C@H](O3)CO)O)O)F)N
643,3100,161.5,Diphenhydramine,CN(C)CCOC(C1=CC=CC=C1)C2=CC=CC=C2
644,60823,449.15,Atorvastatin,CC(C)C1=C(C(=C(N1CC[C@H](C[C@H](CC(=O)O)O)O)C2=CC=C(C=C2)F)C3=CC=CC=C3)C(=O)NC4=CC=CC=C4
645,135409453,428.15,Tegaserod,CCCCCN=C(N)N/N=C/C1=CNC2=C1C=C(C=C2)OC
646,13505,221.25,Diphenoxylate,CCOC(=O)C1(CCN(CC1)CCC(C#N)(C2=CC=CC=C2)C3=CC=CC=C3)C4=CC=CC=C4
647,5910,204.5,Pilocarpine,CC[C@H]1[C@H](COC1=O)CC2=CN=CN2C
648,2337,365.15,Benzocaine,CCOC(=O)C1=CC=C(C=C1)N
649,8550,230.0,Deserpidine,CO[C@H]1[C@@H](C[C@@H]2CN3CCC4=C([C@H]3C[C@@H]2[C@@H]1C(=O)OC)NC5=CC=CC=C45)OC(=O)C6=CC(=C(C(=C6)OC)OC)OC
650,5850,486.15,Pentolinium,C[N+]1(CCCC1)CCCCC[N+]2(CCCC2)C
651,439501,473.15,Ouabain,C[C@H]1[C@@H]([C@H]([C@H]([C@@H](O1)O[C@H]2C[C@H]([C@@]3([C@@H]4[C@@H](CC[C@@]3(C2)O)[C@]5(CC[C@@H]([C@]5(C[C@H]4O)C)C6=CC(=O)OC6)O)CO)O)O)O)O
652,679,291.65,Dimethyl sulfoxide,CS(=O)C
653,72281,500.65,Hesperetin,COC1=C(C=C(C=C1)[C@@H]2CC(=O)C3=C(C=C(C=C3O2)O)O)O
654,1548972,195.5,Fluvastatin,CC(C)N1C2=CC=CC=C2C(=C1/C=C/[C@@H](C[C@@H](CC(=O)O)O)O)C3=CC=C(C=C3)F
655,4612,148.0,Oxamniquine,CC(C)NCC1CCC2=CC(=C(C=C2N1)[N+](=O)[O-])CO
656,3899,165.5,Leflunomide,CC1=C(C=NO1)C(=O)NC2=CC=C(C=C2)C(F)(F)F
657,3366,569.15,Flucytosine,C1=NC(=O)NC(=C1F)N
658,16362,216.0,Pimozide,C1CN(CCC1N2C3=CC=CC=C3NC2=O)CCCC(C4=CC=C(C=C4)F)C5=CC=C(C=C5)F
659,60953,115.5,Capecitabine,CCCCCOC(=O)NC1=NC(=O)N(C=C1F)[C@H]2[C@@H]([C@@H]([C@H](O2)C)O)O
660,237,249.0,Quinacrine,CCN(CC)CCCC(C)NC1=C2C=C(C=CC2=NC3=C1C=CC(=C3)Cl)OC
661,68617,245.5,Sertraline,CN[C@H]1CC[C@H](C2=CC=CC=C12)C3=CC(=C(C=C3)Cl)Cl
662,5210,191.5,Sibutramine,CC(C)CC(C1(CCC1)C2=CC=C(C=C2)Cl)N(C)C
663,656583,537.15,Trilostane,C[C@]12CC[C@H]3[C@H]([C@@H]1CC[C@@H]2O)CC[C@]45[C@@]3(CC(=C([C@H]4O5)O)C#N)C
664,4189,161.0,Miconazole,C1=CC(=C(C=C1Cl)Cl)COC(CN2C=CN=C2)C3=C(C=C(C=C3)Cl)Cl
665,5479529,221.5,Cefuroxime,CO/N=C(/C1=CC=CO1)\C(=O)N[C@H]2[C@@H]3N(C2=O)C(=C(CS3)COC(=O)N)C(=O)O
666,4680,499.15,Papaverine,COC1=C(C=C(C=C1)CC2=NC=CC3=CC(=C(C=C32)OC)OC)OC
667,4485,173.0,Nifedipine,CC1=C(C(C(=C(N1)C)C(=O)OC)C2=CC=CC=C2[N+](=O)[O-])C(=O)OC
668,2157,156.0,Amiodarone,CCCCC1=C(C2=CC=CC=C2O1)C(=O)C3=CC(=C(C(=C3)I)OCCN(CC)CC)I
669,3019,330.0,Diazoxide,CC1=NS(=O)(=O)C2=C(N1)C=CC(=C2)Cl
670,3475,181.0,Gliclazide,CC1=CC=C(C=C1)S(=O)(=O)NC(=O)NN2CC3CCCC3C2
671,4753,488.15,Phenacemide,C1=CC=C(C=C1)CC(=O)NC(=O)N
672,7099,558.15,Proflavine,C1=CC(=CC2=NC3=C(C=CC(=C3)N)C=C21)N
673,5505,401.65,Tolbutamide,CCCCNC(=O)NS(=O)(=O)C1=CC=C(C=C1)C
674,2197,155.5,Anisindione,COC1=CC=C(C=C1)C2C(=O)C3=CC=CC=C3C2=O
675,6918296,246.0,Dutasteride,C[C@]12CC[C@H]3[C@H]([C@@H]1CC[C@@H]2C(=O)NC4=C(C=CC(=C4)C(F)(F)F)C(F)(F)F)CC[C@@H]5[C@@]3(C=CC(=O)N5)C
676,3198,162.0,Econazole,C1=CC(=CC=C1COC(CN2C=CN=C2)C3=C(C=C(C=C3)Cl)Cl)Cl
677,2375,192.0,Bicalutamide,CC(CS(=O)(=O)C1=CC=C(C=C1)F)(C(=O)NC2=CC(=C(C=C2)C#N)C(F)(F)F)O
678,4923,402.15,Proguanil,CC(C)N=C(N)N=C(N)NC1=CC=C(C=C1)Cl
679,4829,183.5,Pioglitazone,CCC1=CN=C(C=C1)CCOC2=CC=C(C=C2)CC3C(=O)NC(=O)S3
680,2585,387.65,Carvedilol,COC1=CC=CC=C1OCCNCC(COC2=CC=CC3=C2C4=CC=CC=C4N3)O
681,5342,136.5,Sulfinpyrazone,C1=CC=C(C=C1)N2C(=O)C(C(=O)N2C3=CC=CC=C3)CCS(=O)C4=CC=CC=C4
682,47965,470.15,Cefadroxil,CC1=C(N2[C@@H]([C@@H](C2=O)NC(=O)[C@@H](C3=CC=C(C=C3)O)N)SC1)C(=O)O
683,667468,136.5,Doxepin,CN(C)CC/C=C\1/C2=CC=CC=C2COC3=CC=CC=C31
684,3038,228.5,Diclofenamide,C1=C(C=C(C(=C1S(=O)(=O)N)Cl)Cl)S(=O)(=O)N
685,3103,206.0,Diphenylpyraline,CN1CCC(CC1)OC(C2=CC=CC=C2)C3=CC=CC=C3
686,3354,233.0,Flavoxate,CC1=C(OC2=C(C1=O)C=CC=C2C(=O)OCCN3CCCCC3)C4=CC=CC=C4
687,4449,356.65,Nefazodone,CCC1=NN(C(=O)N1CCOC2=CC=CC=C2)CCCN3CCN(CC3)C4=CC(=CC=C4)Cl
688,5281006,221.5,Cefprozil,C/C=C/C1=C(N2[C@@H]([C@@H](C2=O)NC(=O)[C@@H](C3=CC=C(C=C3)O)N)SC1)C(=O)O
689,2995,216.0,Desipramine,CNCCCN1C2=CC=CC=C2CCC3=CC=CC=C31
690,3032285,132.5,Thiamylal,CCCC(C)C1(C(=O)NC(=S)NC1=O)CC=C
691,444,233.5,Bupropion,CC(C(=O)C1=CC(=CC=C1)Cl)NC(C)(C)C
692,5583,216.0,Trimetrexate,CC1=C(C=CC2=C1C(=NC(=N2)N)N)CNC3=CC(=C(C(=C3)OC)OC)OC
693,2431,238.0,Bretylium,CC[N+](C)(C)CC1=CC=CC=C1Br
694,3562,50.25,Halothane,C(C(F)(F)F)(Cl)Br
695,8612,173.5,Chloroprocaine,CCN(CC)CCOC(=O)C1=C(C=C(C=C1)N)Cl
696,5401,272.5,Terazosin,COC1=C(C=C2C(=C1)C(=NC(=N2)N3CCN(CC3)C(=O)C4CCCO4)N)OC
697,36273,429.15,Amdinocillin,CC1([C@@H](N2[C@H](S1)[C@@H](C2=O)N=CN3CCCCCC3)C(=O)O)C
698,4583,527.15,Ofloxacin,CC1COC2=C3N1C=C(C(=O)C3=CC(=C2N4CCN(CC4)C)F)C(=O)O
699,2754,433.15,Cilostazol,C1CCC(CC1)N2C(=NN=N2)CCCCOC3=CC4=C(C=C3)NC(=O)CC4
700,55283,439.34999999999997,Itraconazole,CCC(C)N1C(=O)N(C=N1)C2=CC=C(C=C2)N3CCN(CC3)C4=CC=C(C=C4)OC[C@H]5CO[C@](O5)(CN6C=NC=N6)C7=C(C=C(C=C7)Cl)Cl
701,4915,496.15,Procarbazine,CC(C)NC(=O)C1=CC=C(C=C1)CNNC
702,3518,278.5,Guanethidine,C1CCCN(CCC1)CCN=C(N)N
703,4235,132.0,Moclobemide,C1COCCN1CCNC(=O)C2=CC=C(C=C2)Cl
704,4763,447.15,Phenobarbital,CCC1(C(=O)NC(=O)NC1=O)C2=CC=CC=C2
705,146570,149.5,Escitalopram,CN(C)CCC[C@@]1(C2=C(CO1)C=C(C=C2)C#N)C3=CC=C(C=C3)F
706,6726,106.5,Cyclizine,CN1CCN(CC1)C(C2=CC=CC=C2)C3=CC=CC=C3
707,2717,117.4,Chlormezanone,CN1C(S(=O)(=O)CCC1=O)C2=CC=C(C=C2)Cl
708,10607,501.15,Podofilox,COC1=CC(=CC(=C1OC)OC)[C@H]2[C@@H]3[C@H](COC3=O)[C@H](C4=CC5=C(C=C24)OCO5)O
709,32681,511.65,Rescinnamine,CO[C@H]1[C@@H](C[C@@H]2CN3CCC4=C([C@H]3C[C@@H]2[C@@H]1C(=O)OC)NC5=C4C=CC(=C5)OC)OC(=O)C=CC6=CC(=C(C(=C6)OC)OC)OC
710,3690,40.0,Ifosfamide,C1CN(P(=O)(OC1)NCCCl)CCCl
711,5284596,202.5,Naloxone,C=CCN1CC[C@]23[C@@H]4C(=O)CC[C@]2([C@H]1CC5=C3C(=C(C=C5)O)O4)O
712,3151,515.65,Domperidone,C1CN(CCC1N2C3=C(C=C(C=C3)Cl)NC2=O)CCCN4C5=CC=CC=C5NC4=O
713,6446,265.0,Fluoxymesterone,C[C@]12CCC(=O)C=C1CC[C@@H]3[C@@]2([C@H](C[C@]4([C@H]3CC[C@]4(C)O)C)O)F
714,47811,480.65,Pergolide,CCCN1C[C@@H](C[C@H]2[C@H]1CC3=CNC4=CC=CC2=C34)CSC
715,2749,143.0,Ciclopirox,CC1=CC(=O)N(C(=C1)C2CCCCC2)O
716,446598,415.15,Clindamycin,CCC[C@@H]1C[C@H](N(C1)C)C(=O)N[C@@H]([C@@H]2[C@@H]([C@@H]([C@H]([C@H](O2)SC)O)O)O)[C@H](C)Cl
717,5284604,248.5,Oxymorphone,CN1CC[C@]23[C@@H]4C(=O)CC[C@]2([C@H]1CC5=C3C(=C(C=C5)O)O4)O
718,1978,137.0,Acebutolol,CCCC(=O)NC1=CC(=C(C=C1)OCC(CNC(C)C)O)C(=O)C
719,68844,404.15,Brinzolamide,CCN[C@H]1CN(S(=O)(=O)C2=C1C=C(S2)S(=O)(=O)N)CCCOC
720,3356,228.5,Flecainide,C1CCNC(C1)CNC(=O)C2=C(C=CC(=C2)OCC(F)(F)F)OCC(F)(F)F
721,259331,155.0,Estramustine,C[C@]12CC[C@H]3[C@H]([C@@H]1CC[C@@H]2O)CCC4=C3C=CC(=C4)OC(=O)N(CCCl)CCCl
722,44093,103.5,Captopril,C[C@H](CS)C(=O)N1CCC[C@H]1C(=O)O
723,5735,451.15,Zopiclone,CN1CCN(CC1)C(=O)OC2C3=NC=CN=C3C(=O)N2C4=NC=C(C=C4)Cl
724,31101,216.5,Bromocriptine,CC(C)C[C@H]1C(=O)N2CCC[C@H]2[C@]3(N1C(=O)[C@](O3)(C(C)C)NC(=O)[C@H]4CN([C@@H]5CC6=C(NC7=CC=CC(=C67)C5=C4)Br)C)O
725,5284583,117.0,Levetiracetam,CC[C@@H](C(=O)N)N1CCCC1=O
726,39147,127.0,Nadolol,CC(C)(C)NCC(COC1=CC=CC2=C1C[C@@H]([C@@H](C2)O)O)O
727,3373,202.0,Flumazenil,CCOC(=O)C1=C2CN(C(=O)C3=C(N2C=N1)C=CC(=C3)F)C
728,3950,89.0,Lomustine,C1CCC(CC1)NC(=O)N(CCCl)N=O
729,39468,210.0,Levobunolol,CC(C)(C)NC[C@@H](COC1=CC=CC2=C1CCCC2=O)O
730,3406,298.15,Fomepizole,CC1=CNN=C1
731,31477,106.0,Metipranolol,CC1=CC(=C(C(=C1OC(=O)C)C)C)OCC(CNC(C)C)O
732,3261,228.5,Estazolam,C1C2=NN=CN2C3=C(C=C(C=C3)Cl)C(=N1)C4=CC=CC=C4
733,57363,253.0,Finasteride,C[C@]12CC[C@H]3[C@H]([C@@H]1CC[C@@H]2C(=O)NC(C)(C)C)CC[C@@H]4[C@@]3(C=CC(=O)N4)C
734,6914273,279.5,Dantrolene,C1C(=O)NC(=O)N1/N=C/C2=CC=C(O2)C3=CC=C(C=C3)[N+](=O)[O-]
735,3821,92.5,Ketamine,CNC1(CCCCC1=O)C2=CC=CC=C2Cl
736,5281004,226.0,Budesonide,CCCC1O[C@@H]2C[C@H]3[C@@H]4CCC5=CC(=O)C=C[C@@]5([C@H]4[C@H](C[C@@]3([C@@]2(O1)C(=O)CO)C)O)C
737,5002,175.0,Quetiapine,C1CN(CCN1CCOCCO)C2=NC3=CC=CC=C3SC4=CC=CC=C42
738,4723,529.15,Pemoline,C1=CC=C(C=C1)C2C(=O)N=C(O2)N
739,3055,213.0,Diphenidol,C1CCN(CC1)CCCC(C2=CC=CC=C2)(C3=CC=CC=C3)O
740,4168,172.0,Metoclopramide,CCN(CC)CCNC(=O)C1=CC(=C(C=C1OC)N)Cl
741,5743,262.0,Dexamethasone,C[C@@H]1C[C@H]2[C@@H]3CCC4=CC(=O)C=C[C@@]4([C@]3([C@H](C[C@@]2([C@]1(C(=O)CO)O)C)O)F)C
742,6047,295.0,Levodopa,C1=CC(=C(C=C1C[C@@H](C(=O)O)N)O)O
743,60795,138.5,Aripiprazole,C1CC(=O)NC2=C1C=CC(=C2)OCCCCN3CCN(CC3)C4=C(C(=CC=C4)Cl)Cl
744,667466,153.5,Chlorprothixene,CN(C)CC/C=C/1\C2=CC=CC=C2SC3=C1C=C(C=C3)Cl
745,3463,59.5,Gemfibrozil,CC1=CC(=C(C=C1)C)OCCCC(C)(C)C(=O)O
746,2801,191.75,Clomipramine,CN(C)CCCN1C2=CC=CC=C2CCC3=C1C=C(C=C3)Cl
747,2722,452.65,Chloroxine,C1=CC2=C(C(=C(C=C2Cl)Cl)O)N=C1
748,2351,128.0,Bepridil,CC(C)COCC(CN(CC1=CC=CC=C1)C2=CC=CC=C2)N3CCCC3
749,2968,269.0,Decamethonium,C[N+](C)(C)CCCCCCCCCC[N+](C)(C)C
750,5574,341.15,Alimemazine,CC(CN1C2=CC=CC=C2SC3=CC=CC=C31)CN(C)C
751,3759,105.5,Isocarboxazid,CC1=CC(=NO1)C(=O)NNCC2=CC=CC=C2
752,91610,181.0,Gliquidone,CC1(C2=C(C=C(C=C2)OC)C(=O)N(C1=O)CCC3=CC=C(C=C3)S(=O)(=O)NC(=O)NC4CCCCC4)C
753,443884,435.15,Ergometrine,C[C@@H](CO)NC(=O)[C@H]1CN([C@@H]2CC3=CNC4=CC=CC(=C34)C2=C1)C
754,3062316,283.0,Dasatinib,CC1=C(C(=CC=C1)Cl)NC(=O)C2=CN=C(S2)NC3=CC(=NC(=N3)C)N4CCN(CC4)CCO
755,5311066,258.5,Desonide,C[C@]12C[C@@H]([C@H]3[C@H]([C@@H]1C[C@@H]4[C@]2(OC(O4)(C)C)C(=O)CO)CCC5=CC(=O)C=C[C@]35C)O
756,3637,172.5,Hydralazine,C1=CC=C2C(=C1)C=NN=C2NN
757,3343,222.5,Fenoterol,CC(CC1=CC=C(C=C1)O)NCC(C2=CC(=CC(=C2)O)O)O
758,32778,462.15,Glisoxepide,CC1=CC(=NO1)C(=O)NCCC2=CC=C(C=C2)S(=O)(=O)NC(=O)NN3CCCCCC3
759,2372,137.5,Bevantolol,CC1=CC(=CC=C1)OCC(CNCCC2=CC(=C(C=C2)OC)OC)O
760,439213,361.15,Glucosamine,C([C@@H]1[C@H]([C@@H]([C@H](C(O1)O)N)O)O)O
761,4883,135.0,Practolol,CC(C)NCC(COC1=CC=C(C=C1)NC(=O)C)O
762,5322,439.65,Sulfacytine,CCN1C=CC(=NC1=O)NS(=O)(=O)C2=CC=C(C=C2)N
763,17134,192.0,Sulfadoxine,COC1=C(N=CN=C1OC)NS(=O)(=O)C2=CC=C(C=C2)N
764,4870,487.15,Polythiazide,CN1C(NC2=CC(=C(C=C2S1(=O)=O)S(=O)(=O)N)Cl)CSCC(F)(F)F
765,6307,524.15,Quinethazone,CCC1NC2=CC(=C(C=C2C(=O)N1)S(=O)(=O)N)Cl
766,456255,183.0,Cefamandole,CN1C(=NN=N1)SCC2=C(N3[C@@H]([C@@H](C3=O)NC(=O)[C@@H](C4=CC=CC=C4)O)SC2)C(=O)O
767,44185,189.0,Cefoperazone,CCN1CCN(C(=O)C1=O)C(=O)NC(C2=CC=C(C=C2)O)C(=O)N[C@H]3[C@@H]4N(C3=O)C(=C(CS4)CSC5=NN=NN5C)C(=O)O
768,441199,166.0,Cefoxitin,CO[C@@]1([C@@H]2N(C1=O)C(=C(CS2)COC(=O)N)C(=O)O)NC(=O)CC3=CC=CS3
769,6533629,277.0,Ceftizoxime,CO/N=C(/C1=CSC(=N1)N)\C(=O)N[C@H]2[C@@H]3N(C2=O)C(=CCS3)C(=O)O
770,38103,413.15,Cefradine,CC1=C(N2[C@@H]([C@@H](C2=O)NC(=O)[C@@H](C3=CCC=CC3)N)SC1)C(=O)O
771,441289,488.15,Pancuronium,CC(=O)O[C@H]1C[C@@H]2CC[C@@H]3[C@@H]([C@]2(C[C@@H]1[N+]4(CCCCC4)C)C)CC[C@]5([C@H]3C[C@@H]([C@@H]5OC(=O)C)[N+]6(CCCCC6)C)C
772,39765,501.15,Vecuronium,CC(=O)O[C@H]1C[C@@H]2CC[C@@H]3[C@@H]([C@]2(C[C@@H]1N4CCCCC4)C)CC[C@]5([C@H]3C[C@@H]([C@@H]5OC(=O)C)[N+]6(CCCCC6)C)C
773,56330,371.15,Cilazapril,CCOC(=O)[C@H](CCC1=CC=CC=C1)N[C@H]2CCCN3CCC[C@H](N3C2=O)C(=O)O
774,2164,430.15,Amobarbital,CCC1(C(=O)NC(=O)NC1=O)CCC(C)C
775,6464,414.15,Aprobarbital,CC(C)C1(C(=O)NC(=O)NC1=O)CC=C
776,6473,401.65,Butobarbital,CCCCC1(C(=O)NC(=O)NC1=O)CC
777,10518,174.0,Heptabarbital,CCC1(C(=O)NC(=O)NC1=O)C2=CCCCCC2
778,3608,419.65,Hexobarbital,CC1(C(=O)NC(=O)N(C1=O)C)C2=CCCCC2
779,6291,423.65,Mestranol,C[C@]12CC[C@H]3[C@H]([C@@H]1CC[C@]2(C#C)O)CCC4=C3C=CC(=C4)OC
780,3730,177.0,Iohexol,CC(=O)N(CC(CO)O)C1=C(C(=C(C(=C1I)C(=O)NCC(CO)O)I)C(=O)NCC(CO)O)I
781,9294,307.15,Ephedrine,C[C@@H]([C@@H](C1=CC=CC=C1)O)NC
782,5745,228.0,Cortisone acetate,CC(=O)OCC(=O)[C@]1(CC[C@@H]2[C@@]1(CC(=O)[C@H]3[C@H]2CCC4=CC(=O)CC[C@]34C)C)O
783,9565,221.5,Glymidine,COCCOC1=CN=C(N=C1)NS(=O)(=O)C2=CC=CC=C2
784,8969,514.15,Yohimbine,COC(=O)[C@H]1[C@H](CC[C@@H]2[C@@H]1C[C@H]3C4=C(CCN3C2)C5=CC=CC=C5N4)O
785,39042,459.15,Bezafibrate,CC(C)(C(=O)O)OC1=CC=C(C=C1)CCNC(=O)C2=CC=C(C=C2)Cl
786,2833,155.0,Colchicine,CC(=O)NC1CCC2=CC(=C(C(=C2C3=CC=C(C(=O)C=C13)OC)OC)OC)OC
787,68873,198.0,Drospirenone,C[C@]12CCC(=O)C=C1[C@@H]3C[C@@H]3[C@@H]4[C@@H]2CC[C@]5([C@H]4[C@@H]6C[C@@H]6[C@@]57CCC(=O)O7)C
788,5161,420.15,Salsalate,C1=CC=C(C(=C1)C(=O)OC2=CC=CC=C2C(=O)O)O
789,28417,225.5,Danazol,C[C@]12CC[C@H]3[C@H]([C@@H]1CC[C@]2(C#C)O)CCC4=CC5=C(C[C@]34C)C=NO5
790,2783,174.75,Clenbuterol,CC(C)(C)NCC(C1=CC(=C(C(=C1)Cl)N)Cl)O
791,5429,630.15,Theobromine,CN1C=NC2=C1C(=O)NC(=O)N2C
792,91562,169.0,Cefacetrile,CC(=O)OCC1=C(N2[C@@H]([C@@H](C2=O)NC(=O)CC#N)SC1)C(=O)O
793,54676537,197.5,Acenocoumarol,CC(=O)CC(C1=CC=C(C=C1)[N+](=O)[O-])C2=C(C3=CC=CC=C3OC2=O)O
794,68723,89.0,Antrafenine,C1CN(CCN1CCOC(=O)C2=CC=CC=C2NC3=C4C=CC(=CC4=NC=C3)C(F)(F)F)C5=CC=CC(=C5)C(F)(F)F
795,5995,120.5,Testosterone propionate,CCC(=O)O[C@H]1CC[C@@H]2[C@@]1(CC[C@H]3[C@H]2CCC4=CC(=O)CC[C@]34C)C
796,19910,453.15,Nitroxoline,C1=CC2=C(C=CC(=C2N=C1)O)[N+](=O)[O-]
797,6009,407.65,Aminophenazone,CC1=C(C(=O)N(N1C)C2=CC=CC=C2)N(C)C
798,135413504,412.15,Alizapride,COC1=CC2=C(C=C1C(=O)NCC3CCCN3CC=C)NN=N2
799,441080,479.15,Ajmaline,CC[C@H]1[C@@H]2C[C@H]3[C@H]4[C@@]5(C[C@@H](C2[C@H]5O)N3[C@@H]1O)C6=CC=CC=C6N4C
800,3698,295.5,Amrinone,C1=CN=CC=C1C2=CNC(=O)C(=C2)N
801,4632,338.65,Oxybenzone,COC1=CC(=C(C=C1)C(=O)C2=CC=CC=C2)O
802,2218,120.5,Aprindine,CCN(CC)CCCN(C1CC2=CC=CC=C2C1)C3=CC=CC=C3
803,235905,353.15,Allylestrenol,C[C@]12CC[C@H]3[C@H]([C@@H]1CC[C@]2(CC=C)O)CCC4=CCCC[C@H]34
804,2206,387.15,Antipyrine,CC1=CC(=O)N(N1C)C2=CC=CC=C2
805,5282181,409.15,Alfacalcidol,C[C@H](CCCC(C)C)[C@H]1CC[C@@H]\2[C@@]1(CCC/C2=C\C=C/3\C[C@H](C[C@@H](C3=C)O)O)C
806,3487,79.5,Glutethimide,CCC1(CCC(=O)NC1=O)C2=CC=CC=C2
807,4756,139.0,Phenazopyridine,C1=CC=C(C=C1)N=NC2=C(N=C(C=C2)N)N
808,151182,454.15,"5-Methoxy-N,N-diisopropyltryptamine",CC(C)N(CCC1=CNC2=C1C=C(C=C2)OC)C(C)C
809,10257,419.65,Bufotenine,CN(C)CCC1=CNC2=C1C=C(C=C2)O
810,9287,99.0,Indopan,CC(CC1=CNC2=CC=CC=C21)N
811,5462328,446.15,Diamorphine,CC(=O)O[C@H]1C=C[C@H]2[C@H]3CC4=C5[C@]2([C@H]1OC5=C(C=C4)OC(=O)C)CCN3C
812,61791,147.0,Bezitramide,CCC(=O)N1C2=CC=CC=C2N(C1=O)C3CCN(CC3)CCC(C#N)(C4=CC=CC=C4)C5=CC=CC=C5
813,61306,301.15,Furethidine,CCOC(=O)C1(CCN(CC1)CCOCC2CCCO2)C3=CC=CC=C3
814,5359271,200.0,Ethylmorphine,CCOC1=C2C3=C(C[C@@H]4[C@H]5[C@]3(CCN4C)[C@@H](O2)[C@H](C=C5)O)C=C1
815,102146,437.15,Bolasterone,C[C@@H]1CC2=CC(=O)CC[C@@]2([C@@H]3[C@@H]1[C@@H]4CC[C@]([C@]4(CC3)C)(C)O)C
816,2294,463.15,Barbital,CCC1(C(=O)NC(=O)NC1=O)CC
817,441457,77.75,Cathine,C[C@@H]([C@H](C1=CC=CC=C1)O)N
818,6089,319.15,Dimethyltryptamine,CN(C)CCC1=CNC2=CC=CC=C21
819,37367,173.5,Camazepam,CN1C2=C(C=C(C=C2)Cl)C(=NC(C1=O)OC(=O)N(C)C)C3=CC=CC=C3
820,16630,410.15,Aminorex,C1C(OC(=N1)N)C2=CC=CC=C2
821,13765,173.5,Ethylestrenol,CC[C@@]1(CC[C@@H]2[C@@]1(CC[C@H]3[C@H]2CCC4=CCCC[C@H]34)C)O
822,26721,215.5,Etorphine,CCCC(C)(C1C[C@@]23C=CC1(C4[C@@]25CCN([C@@H]3CC6=C5C(=C(C=C6)O)O4)C)OC)O
823,20055236,462.15,Oxabolone,C[C@]12CC[C@H]3[C@H]([C@@H]1CC[C@@H]2O)CCC4=C(C(=O)CC[C@H]34)O
824,14708,152.0,Furazabol,C[C@]12CC[C@H]3[C@H]([C@@H]1CC[C@]2(C)O)CC[C@@H]4[C@@]3(CC5=NON=C5C4)C
